epoch,mpe-large-spread-v2_teamcomm_inter_mFalse_vTrue_333 - episode_return,mpe-large-spread-v2_teamcomm_inter_mFalse_vTrue_333 - episode_return__MIN,mpe-large-spread-v2_teamcomm_inter_mFalse_vTrue_333 - episode_return__MAX,mpe-large-spread-v2_teamcomm_no_mTrue_vFalse_ming - episode_return,mpe-large-spread-v2_teamcomm_no_mTrue_vFalse_ming - episode_return__MIN,mpe-large-spread-v2_teamcomm_no_mTrue_vFalse_ming - episode_return__MAX
1,-552.1,-552.1,-552.1,-556.4,-556.4,-556.4
2,-542.9,-542.9,-542.9,-508.8,-508.8,-508.8
3,-563.8,-563.8,-563.8,-522.4,-522.4,-522.4
4,-574.9,-574.9,-574.9,-581.3,-581.3,-581.3
5,-549.9,-549.9,-549.9,-640,-640,-640
6,-503.1,-503.1,-503.1,-622.6,-622.6,-622.6
7,-515.1,-515.1,-515.1,-561.5,-561.5,-561.5
8,-520.9,-520.9,-520.9,-572.4,-572.4,-572.4
9,-550.3,-550.3,-550.3,-639.2,-639.2,-639.2
10,-522.4,-522.4,-522.4,-556.5,-556.5,-556.5
11,-582.9,-582.9,-582.9,-507,-507,-507
12,-436.1,-436.1,-436.1,-521.4,-521.4,-521.4
13,-583.5,-583.5,-583.5,-527,-527,-527
14,-511.4,-511.4,-511.4,-526.5,-526.5,-526.5
15,-514.2,-514.2,-514.2,-586.1,-586.1,-586.1
16,-596.3,-596.3,-596.3,-596.1,-596.1,-596.1
17,-461.9,-461.9,-461.9,-542,-542,-542
18,-503.3,-503.3,-503.3,-521.8,-521.8,-521.8
19,-499.1,-499.1,-499.1,-560,-560,-560
20,-528.4,-528.4,-528.4,-549.7,-549.7,-549.7
21,-513,-513,-513,-582.4,-582.4,-582.4
22,-499.6,-499.6,-499.6,-525.1,-525.1,-525.1
23,-544.4,-544.4,-544.4,-576.8,-576.8,-576.8
24,-531.2,-531.2,-531.2,-603.9,-603.9,-603.9
25,-563.2,-563.2,-563.2,-498.7,-498.7,-498.7
26,-525,-525,-525,-490.2,-490.2,-490.2
27,-501.1,-501.1,-501.1,-582.3,-582.3,-582.3
28,-563.7,-563.7,-563.7,-537.7,-537.7,-537.7
29,-493,-493,-493,-519.5,-519.5,-519.5
30,-566.2,-566.2,-566.2,-497.4,-497.4,-497.4
31,-578.2,-578.2,-578.2,-532.7,-532.7,-532.7
32,-565.6,-565.6,-565.6,-533.5,-533.5,-533.5
33,-491,-491,-491,-530.8,-530.8,-530.8
34,-554.9,-554.9,-554.9,-585.5,-585.5,-585.5
35,-510.5,-510.5,-510.5,-494.8,-494.8,-494.8
36,-558.7,-558.7,-558.7,-526.7,-526.7,-526.7
37,-543.7,-543.7,-543.7,-517.3,-517.3,-517.3
38,-553.1,-553.1,-553.1,-513.5,-513.5,-513.5
39,-590.5,-590.5,-590.5,-516.6,-516.6,-516.6
40,-528.8,-528.8,-528.8,-504.3,-504.3,-504.3
41,-491.7,-491.7,-491.7,-483.5,-483.5,-483.5
42,-511.3,-511.3,-511.3,-524.9,-524.9,-524.9
43,-605.8,-605.8,-605.8,-529.1,-529.1,-529.1
44,-486.6,-486.6,-486.6,-493.7,-493.7,-493.7
45,-542.7,-542.7,-542.7,-504,-504,-504
46,-510,-510,-510,-475.8,-475.8,-475.8
47,-499.5,-499.5,-499.5,-476.8,-476.8,-476.8
48,-542.1,-542.1,-542.1,-471,-471,-471
49,-573.2,-573.2,-573.2,-514.6,-514.6,-514.6
50,-509.7,-509.7,-509.7,-563.1,-563.1,-563.1
51,-441.5,-441.5,-441.5,-539.9,-539.9,-539.9
52,-515,-515,-515,-530.1,-530.1,-530.1
53,-555.2,-555.2,-555.2,-484.4,-484.4,-484.4
54,-543.3,-543.3,-543.3,-515.6,-515.6,-515.6
55,-593.2,-593.2,-593.2,-471.1,-471.1,-471.1
56,-539.5,-539.5,-539.5,-420.6,-420.6,-420.6
57,-453.2,-453.2,-453.2,-531.7,-531.7,-531.7
58,-530.3,-530.3,-530.3,-466.8,-466.8,-466.8
59,-514.3,-514.3,-514.3,-498.3,-498.3,-498.3
60,-518.7,-518.7,-518.7,-476.3,-476.3,-476.3
61,-598.1,-598.1,-598.1,-486,-486,-486
62,-596.5,-596.5,-596.5,-512.9,-512.9,-512.9
63,-469.5,-469.5,-469.5,-516.1,-516.1,-516.1
64,-504.4,-504.4,-504.4,-524.9,-524.9,-524.9
65,-566.7,-566.7,-566.7,-489.8,-489.8,-489.8
66,-539.7,-539.7,-539.7,-497,-497,-497
67,-563,-563,-563,-422.7,-422.7,-422.7
68,-527.3,-527.3,-527.3,-476.3,-476.3,-476.3
69,-526.6,-526.6,-526.6,-509.9,-509.9,-509.9
70,-567.3,-567.3,-567.3,-403.4,-403.4,-403.4
71,-513.1,-513.1,-513.1,-492.6,-492.6,-492.6
72,-531.3,-531.3,-531.3,-525.1,-525.1,-525.1
73,-493.3,-493.3,-493.3,-470.2,-470.2,-470.2
74,-558.6,-558.6,-558.6,-438.1,-438.1,-438.1
75,-529.8,-529.8,-529.8,-433.1,-433.1,-433.1
76,-561.7,-561.7,-561.7,-470.2,-470.2,-470.2
77,-568.4,-568.4,-568.4,-502.6,-502.6,-502.6
78,-472.2,-472.2,-472.2,-455.8,-455.8,-455.8
79,-467.9,-467.9,-467.9,-425.6,-425.6,-425.6
80,-571.2,-571.2,-571.2,-485.3,-485.3,-485.3
81,-488.5,-488.5,-488.5,-449.5,-449.5,-449.5
82,-515.2,-515.2,-515.2,-437.1,-437.1,-437.1
83,-544.1,-544.1,-544.1,-536.6,-536.6,-536.6
84,-544.3,-544.3,-544.3,-458.1,-458.1,-458.1
85,-522.5,-522.5,-522.5,-442.8,-442.8,-442.8
86,-472.4,-472.4,-472.4,-430.9,-430.9,-430.9
87,-524.2,-524.2,-524.2,-480.3,-480.3,-480.3
88,-574.9,-574.9,-574.9,-433.6,-433.6,-433.6
89,-461.8,-461.8,-461.8,-487.6,-487.6,-487.6
90,-503.2,-503.2,-503.2,-437.4,-437.4,-437.4
91,-506.5,-506.5,-506.5,-508.4,-508.4,-508.4
92,-544.6,-544.6,-544.6,-462.1,-462.1,-462.1
93,-507.3,-507.3,-507.3,-462,-462,-462
94,-562.4,-562.4,-562.4,-481.2,-481.2,-481.2
95,-523.4,-523.4,-523.4,-408.3,-408.3,-408.3
96,-552.2,-552.2,-552.2,-459.1,-459.1,-459.1
97,-505.3,-505.3,-505.3,-456,-456,-456
98,-504,-504,-504,-496.2,-496.2,-496.2
99,-453.6,-453.6,-453.6,-416.2,-416.2,-416.2
100,-472.5,-472.5,-472.5,-520.7,-520.7,-520.7
101,-587.2,-587.2,-587.2,-411.8,-411.8,-411.8
102,-469.3,-469.3,-469.3,-394.5,-394.5,-394.5
103,-482.8,-482.8,-482.8,-450.9,-450.9,-450.9
104,-525.5,-525.5,-525.5,-452.1,-452.1,-452.1
105,-479.4,-479.4,-479.4,-463,-463,-463
106,-529.1,-529.1,-529.1,-453.6,-453.6,-453.6
107,-503.4,-503.4,-503.4,-413,-413,-413
108,-468.9,-468.9,-468.9,-428.5,-428.5,-428.5
109,-497.5,-497.5,-497.5,-401.8,-401.8,-401.8
110,-462.2,-462.2,-462.2,-430.8,-430.8,-430.8
111,-495.3,-495.3,-495.3,-436.4,-436.4,-436.4
112,-481.6,-481.6,-481.6,-406,-406,-406
113,-487.8,-487.8,-487.8,-446.6,-446.6,-446.6
114,-510.9,-510.9,-510.9,-407,-407,-407
115,-496.8,-496.8,-496.8,-441.9,-441.9,-441.9
116,-502.4,-502.4,-502.4,-409.6,-409.6,-409.6
117,-566.7,-566.7,-566.7,-456.7,-456.7,-456.7
118,-465,-465,-465,-468.5,-468.5,-468.5
119,-461.7,-461.7,-461.7,-433.4,-433.4,-433.4
120,-554.2,-554.2,-554.2,-394.2,-394.2,-394.2
121,-503.5,-503.5,-503.5,-450.8,-450.8,-450.8
122,-515.4,-515.4,-515.4,-443.5,-443.5,-443.5
123,-512.1,-512.1,-512.1,-433.5,-433.5,-433.5
124,-401.4,-401.4,-401.4,-477.3,-477.3,-477.3
125,-554.1,-554.1,-554.1,-449.6,-449.6,-449.6
126,-562.5,-562.5,-562.5,-472.8,-472.8,-472.8
127,-443.4,-443.4,-443.4,-390,-390,-390
128,-407.8,-407.8,-407.8,-433,-433,-433
129,-461.2,-461.2,-461.2,-458.6,-458.6,-458.6
130,-514.9,-514.9,-514.9,-395.3,-395.3,-395.3
131,-444.8,-444.8,-444.8,-429.9,-429.9,-429.9
132,-541.7,-541.7,-541.7,-526.5,-526.5,-526.5
133,-461.6,-461.6,-461.6,-383.8,-383.8,-383.8
134,-471.6,-471.6,-471.6,-358.9,-358.9,-358.9
135,-478,-478,-478,-457.4,-457.4,-457.4
136,-471.7,-471.7,-471.7,-460.9,-460.9,-460.9
137,-447.7,-447.7,-447.7,-470.6,-470.6,-470.6
138,-480,-480,-480,-448.7,-448.7,-448.7
139,-420.4,-420.4,-420.4,-485,-485,-485
140,-477.8,-477.8,-477.8,-425.5,-425.5,-425.5
141,-481.2,-481.2,-481.2,-385.8,-385.8,-385.8
142,-452.3,-452.3,-452.3,-427.7,-427.7,-427.7
143,-486.7,-486.7,-486.7,-454,-454,-454
144,-515.1,-515.1,-515.1,-435,-435,-435
145,-460.7,-460.7,-460.7,-414.5,-414.5,-414.5
146,-488.9,-488.9,-488.9,-411.2,-411.2,-411.2
147,-544.4,-544.4,-544.4,-334.9,-334.9,-334.9
148,-464.5,-464.5,-464.5,-422.7,-422.7,-422.7
149,-539.9,-539.9,-539.9,-406.4,-406.4,-406.4
150,-545,-545,-545,-440.5,-440.5,-440.5
151,-475.2,-475.2,-475.2,-392.7,-392.7,-392.7
152,-537.2,-537.2,-537.2,-390.5,-390.5,-390.5
153,-489,-489,-489,-384.3,-384.3,-384.3
154,-472,-472,-472,-357.8,-357.8,-357.8
155,-499.4,-499.4,-499.4,-437.4,-437.4,-437.4
156,-440,-440,-440,-370.1,-370.1,-370.1
157,-456,-456,-456,-472.4,-472.4,-472.4
158,-438.3,-438.3,-438.3,-443.4,-443.4,-443.4
159,-532.4,-532.4,-532.4,-426.5,-426.5,-426.5
160,-493.4,-493.4,-493.4,-383.6,-383.6,-383.6
161,-470.3,-470.3,-470.3,-399.7,-399.7,-399.7
162,-440,-440,-440,-362.6,-362.6,-362.6
163,-483.2,-483.2,-483.2,-450.9,-450.9,-450.9
164,-450.2,-450.2,-450.2,-410.5,-410.5,-410.5
165,-474.8,-474.8,-474.8,-408.3,-408.3,-408.3
166,-473.2,-473.2,-473.2,-379.7,-379.7,-379.7
167,-444,-444,-444,-430.9,-430.9,-430.9
168,-450.2,-450.2,-450.2,-380.8,-380.8,-380.8
169,-495.7,-495.7,-495.7,-434.8,-434.8,-434.8
170,-435.1,-435.1,-435.1,-427.5,-427.5,-427.5
171,-469.8,-469.8,-469.8,-447.7,-447.7,-447.7
172,-457.7,-457.7,-457.7,-384.4,-384.4,-384.4
173,-388.3,-388.3,-388.3,-469.6,-469.6,-469.6
174,-493.5,-493.5,-493.5,-419.2,-419.2,-419.2
175,-463.1,-463.1,-463.1,-402.7,-402.7,-402.7
176,-431.2,-431.2,-431.2,-430.3,-430.3,-430.3
177,-467.7,-467.7,-467.7,-447.8,-447.8,-447.8
178,-442.4,-442.4,-442.4,-337,-337,-337
179,-559.9,-559.9,-559.9,-403.3,-403.3,-403.3
180,-446.6,-446.6,-446.6,-375.1,-375.1,-375.1
181,-417.5,-417.5,-417.5,-465.2,-465.2,-465.2
182,-399,-399,-399,-424.9,-424.9,-424.9
183,-500.1,-500.1,-500.1,-376.8,-376.8,-376.8
184,-502.4,-502.4,-502.4,-434.2,-434.2,-434.2
185,-477.6,-477.6,-477.6,-397.7,-397.7,-397.7
186,-507.8,-507.8,-507.8,-350.8,-350.8,-350.8
187,-417.3,-417.3,-417.3,-398.5,-398.5,-398.5
188,-494.6,-494.6,-494.6,-435.3,-435.3,-435.3
189,-396.7,-396.7,-396.7,-329.2,-329.2,-329.2
190,-385.4,-385.4,-385.4,-471.2,-471.2,-471.2
191,-487.6,-487.6,-487.6,-385,-385,-385
192,-446.9,-446.9,-446.9,-404,-404,-404
193,-402.5,-402.5,-402.5,-357.2,-357.2,-357.2
194,-554.9,-554.9,-554.9,-412.7,-412.7,-412.7
195,-428.4,-428.4,-428.4,-306.7,-306.7,-306.7
196,-453,-453,-453,-395.5,-395.5,-395.5
197,-424,-424,-424,-388,-388,-388
198,-408.8,-408.8,-408.8,-392.4,-392.4,-392.4
199,-449,-449,-449,-354.4,-354.4,-354.4
200,-416.1,-416.1,-416.1,-401.9,-401.9,-401.9
201,-405.3,-405.3,-405.3,-372.8,-372.8,-372.8
202,-475.7,-475.7,-475.7,-409.6,-409.6,-409.6
203,-443.5,-443.5,-443.5,-419.5,-419.5,-419.5
204,-502.8,-502.8,-502.8,-351.8,-351.8,-351.8
205,-487.1,-487.1,-487.1,-401.6,-401.6,-401.6
206,-447.7,-447.7,-447.7,-388.6,-388.6,-388.6
207,-471.4,-471.4,-471.4,-430.5,-430.5,-430.5
208,-431.9,-431.9,-431.9,-429.7,-429.7,-429.7
209,-403.6,-403.6,-403.6,-356.8,-356.8,-356.8
210,-427.8,-427.8,-427.8,-419.1,-419.1,-419.1
211,-435.2,-435.2,-435.2,-353.5,-353.5,-353.5
212,-428.1,-428.1,-428.1,-365,-365,-365
213,-440.4,-440.4,-440.4,-370.7,-370.7,-370.7
214,-449.5,-449.5,-449.5,-375,-375,-375
215,-361.5,-361.5,-361.5,-361.6,-361.6,-361.6
216,-420.2,-420.2,-420.2,-416.5,-416.5,-416.5
217,-507.9,-507.9,-507.9,-322.5,-322.5,-322.5
218,-404.1,-404.1,-404.1,-386,-386,-386
219,-404.6,-404.6,-404.6,-432.6,-432.6,-432.6
220,-441.3,-441.3,-441.3,-437.6,-437.6,-437.6
221,-386.4,-386.4,-386.4,-380.8,-380.8,-380.8
222,-435.5,-435.5,-435.5,-389.1,-389.1,-389.1
223,-407.2,-407.2,-407.2,-400.4,-400.4,-400.4
224,-438.3,-438.3,-438.3,-355.9,-355.9,-355.9
225,-456.9,-456.9,-456.9,-360,-360,-360
226,-395.6,-395.6,-395.6,-396.6,-396.6,-396.6
227,-413.9,-413.9,-413.9,-305.1,-305.1,-305.1
228,-396.1,-396.1,-396.1,-414,-414,-414
229,-432.9,-432.9,-432.9,-360.2,-360.2,-360.2
230,-403,-403,-403,-397.9,-397.9,-397.9
231,-435.6,-435.6,-435.6,-409.1,-409.1,-409.1
232,-386.3,-386.3,-386.3,-382.6,-382.6,-382.6
233,-441.4,-441.4,-441.4,-343.7,-343.7,-343.7
234,-443,-443,-443,-351.1,-351.1,-351.1
235,-438.6,-438.6,-438.6,-319.1,-319.1,-319.1
236,-384.2,-384.2,-384.2,-468.1,-468.1,-468.1
237,-386.1,-386.1,-386.1,-428.6,-428.6,-428.6
238,-431.8,-431.8,-431.8,-375.9,-375.9,-375.9
239,-409.8,-409.8,-409.8,-362.4,-362.4,-362.4
240,-425.2,-425.2,-425.2,-399,-399,-399
241,-410.5,-410.5,-410.5,-355.1,-355.1,-355.1
242,-405.2,-405.2,-405.2,-407.3,-407.3,-407.3
243,-397.5,-397.5,-397.5,-378.9,-378.9,-378.9
244,-399,-399,-399,-412.8,-412.8,-412.8
245,-457.8,-457.8,-457.8,-367.3,-367.3,-367.3
246,-395.5,-395.5,-395.5,-351.2,-351.2,-351.2
247,-372.9,-372.9,-372.9,-412.3,-412.3,-412.3
248,-359.3,-359.3,-359.3,-397,-397,-397
249,-417.8,-417.8,-417.8,-384.8,-384.8,-384.8
250,-416.5,-416.5,-416.5,-406.5,-406.5,-406.5
251,-369.7,-369.7,-369.7,-351.9,-351.9,-351.9
252,-466.1,-466.1,-466.1,-379.2,-379.2,-379.2
253,-454.2,-454.2,-454.2,-360.1,-360.1,-360.1
254,-429.5,-429.5,-429.5,-385,-385,-385
255,-460.9,-460.9,-460.9,-384.7,-384.7,-384.7
256,-409.3,-409.3,-409.3,-345.9,-345.9,-345.9
257,-372.7,-372.7,-372.7,-367.2,-367.2,-367.2
258,-423,-423,-423,-344.7,-344.7,-344.7
259,-394.5,-394.5,-394.5,-412.2,-412.2,-412.2
260,-427.6,-427.6,-427.6,-354.5,-354.5,-354.5
261,-452.1,-452.1,-452.1,-360.9,-360.9,-360.9
262,-386.6,-386.6,-386.6,-386,-386,-386
263,-376.8,-376.8,-376.8,-434.7,-434.7,-434.7
264,-373.5,-373.5,-373.5,-391.7,-391.7,-391.7
265,-414.8,-414.8,-414.8,-356.2,-356.2,-356.2
266,-424.8,-424.8,-424.8,-441.5,-441.5,-441.5
267,-418.9,-418.9,-418.9,-387.3,-387.3,-387.3
268,-440.7,-440.7,-440.7,-342.5,-342.5,-342.5
269,-442.7,-442.7,-442.7,-361.1,-361.1,-361.1
270,-398.5,-398.5,-398.5,-363.8,-363.8,-363.8
271,-409.2,-409.2,-409.2,-410.6,-410.6,-410.6
272,-393,-393,-393,-372,-372,-372
273,-438,-438,-438,-356.8,-356.8,-356.8
274,-369.8,-369.8,-369.8,-320.1,-320.1,-320.1
275,-366.8,-366.8,-366.8,-388.4,-388.4,-388.4
276,-418.2,-418.2,-418.2,-339.3,-339.3,-339.3
277,-442.5,-442.5,-442.5,-354.6,-354.6,-354.6
278,-346.8,-346.8,-346.8,-327.5,-327.5,-327.5
279,-430.5,-430.5,-430.5,-360,-360,-360
280,-380.6,-380.6,-380.6,-376.7,-376.7,-376.7
281,-430.8,-430.8,-430.8,-399.4,-399.4,-399.4
282,-365.2,-365.2,-365.2,-429.2,-429.2,-429.2
283,-372.4,-372.4,-372.4,-394.9,-394.9,-394.9
284,-407,-407,-407,-407.2,-407.2,-407.2
285,-385.2,-385.2,-385.2,-345.6,-345.6,-345.6
286,-372.8,-372.8,-372.8,-346,-346,-346
287,-347,-347,-347,-339,-339,-339
288,-408.4,-408.4,-408.4,-390.5,-390.5,-390.5
289,-410.5,-410.5,-410.5,-352,-352,-352
290,-401.7,-401.7,-401.7,-331.4,-331.4,-331.4
291,-378.3,-378.3,-378.3,-377.4,-377.4,-377.4
292,-360.4,-360.4,-360.4,-420.7,-420.7,-420.7
293,-325.1,-325.1,-325.1,-381.9,-381.9,-381.9
294,-395.2,-395.2,-395.2,-371.1,-371.1,-371.1
295,-396,-396,-396,-384.2,-384.2,-384.2
296,-380.4,-380.4,-380.4,-288.6,-288.6,-288.6
297,-402.9,-402.9,-402.9,-318.5,-318.5,-318.5
298,-419.1,-419.1,-419.1,-376.1,-376.1,-376.1
299,-424.4,-424.4,-424.4,-370.8,-370.8,-370.8
300,-398.1,-398.1,-398.1,-382.2,-382.2,-382.2
301,-379,-379,-379,-351.7,-351.7,-351.7
302,-402.1,-402.1,-402.1,-375.3,-375.3,-375.3
303,-404.8,-404.8,-404.8,-346.6,-346.6,-346.6
304,-393.5,-393.5,-393.5,-344.2,-344.2,-344.2
305,-386.1,-386.1,-386.1,-312,-312,-312
306,-394.8,-394.8,-394.8,-395.4,-395.4,-395.4
307,-387,-387,-387,-356,-356,-356
308,-437.7,-437.7,-437.7,-360.8,-360.8,-360.8
309,-385.5,-385.5,-385.5,-383.4,-383.4,-383.4
310,-394.8,-394.8,-394.8,-380.6,-380.6,-380.6
311,-373.9,-373.9,-373.9,-373.2,-373.2,-373.2
312,-380.3,-380.3,-380.3,-342.5,-342.5,-342.5
313,-389,-389,-389,-364.4,-364.4,-364.4
314,-426.8,-426.8,-426.8,-322.6,-322.6,-322.6
315,-368,-368,-368,-335.4,-335.4,-335.4
316,-394.6,-394.6,-394.6,-366.8,-366.8,-366.8
317,-490.1,-490.1,-490.1,-402.7,-402.7,-402.7
318,-374.9,-374.9,-374.9,-344.4,-344.4,-344.4
319,-364.6,-364.6,-364.6,-334.3,-334.3,-334.3
320,-374,-374,-374,-351.3,-351.3,-351.3
321,-381.2,-381.2,-381.2,-308,-308,-308
322,-415.8,-415.8,-415.8,-348.8,-348.8,-348.8
323,-406.1,-406.1,-406.1,-308.6,-308.6,-308.6
324,-416.9,-416.9,-416.9,-308.9,-308.9,-308.9
325,-446.7,-446.7,-446.7,-396,-396,-396
326,-355.2,-355.2,-355.2,-358.7,-358.7,-358.7
327,-382.5,-382.5,-382.5,-412.1,-412.1,-412.1
328,-385.2,-385.2,-385.2,-317,-317,-317
329,-375.2,-375.2,-375.2,-353.6,-353.6,-353.6
330,-373.8,-373.8,-373.8,-391.8,-391.8,-391.8
331,-464.1,-464.1,-464.1,-386.6,-386.6,-386.6
332,-420,-420,-420,-352.6,-352.6,-352.6
333,-421.2,-421.2,-421.2,-363.4,-363.4,-363.4
334,-389.1,-389.1,-389.1,-390.6,-390.6,-390.6
335,-371.8,-371.8,-371.8,-357.9,-357.9,-357.9
336,-367.4,-367.4,-367.4,-354.4,-354.4,-354.4
337,-369.5,-369.5,-369.5,-371.3,-371.3,-371.3
338,-372,-372,-372,-348.7,-348.7,-348.7
339,-438.3,-438.3,-438.3,-329.9,-329.9,-329.9
340,-402.4,-402.4,-402.4,-357.4,-357.4,-357.4
341,-419.9,-419.9,-419.9,-362.7,-362.7,-362.7
342,-387.9,-387.9,-387.9,-371.8,-371.8,-371.8
343,-347.3,-347.3,-347.3,-371.8,-371.8,-371.8
344,-381.5,-381.5,-381.5,-328.3,-328.3,-328.3
345,-327.6,-327.6,-327.6,-325.5,-325.5,-325.5
346,-369.9,-369.9,-369.9,-350.6,-350.6,-350.6
347,-408.1,-408.1,-408.1,-385.5,-385.5,-385.5
348,-356.8,-356.8,-356.8,-350.4,-350.4,-350.4
349,-336.2,-336.2,-336.2,-330.4,-330.4,-330.4
350,-398.9,-398.9,-398.9,-325.1,-325.1,-325.1
351,-397.1,-397.1,-397.1,-367.6,-367.6,-367.6
352,-337.2,-337.2,-337.2,-330,-330,-330
353,-463.6,-463.6,-463.6,-333.9,-333.9,-333.9
354,-394.8,-394.8,-394.8,-410.4,-410.4,-410.4
355,-368.9,-368.9,-368.9,-405.5,-405.5,-405.5
356,-365.2,-365.2,-365.2,-356.8,-356.8,-356.8
357,-381,-381,-381,-363.8,-363.8,-363.8
358,-403.8,-403.8,-403.8,-378.1,-378.1,-378.1
359,-392.4,-392.4,-392.4,-366.8,-366.8,-366.8
360,-388.1,-388.1,-388.1,-332.4,-332.4,-332.4
361,-359,-359,-359,-352.9,-352.9,-352.9
362,-377.2,-377.2,-377.2,-344.3,-344.3,-344.3
363,-411.4,-411.4,-411.4,-338.4,-338.4,-338.4
364,-450.2,-450.2,-450.2,-379.8,-379.8,-379.8
365,-429.2,-429.2,-429.2,-441.6,-441.6,-441.6
366,-308.4,-308.4,-308.4,-371.4,-371.4,-371.4
367,-331.7,-331.7,-331.7,-320.5,-320.5,-320.5
368,-363.1,-363.1,-363.1,-357.5,-357.5,-357.5
369,-391.7,-391.7,-391.7,-325.6,-325.6,-325.6
370,-399.2,-399.2,-399.2,-326,-326,-326
371,-353.3,-353.3,-353.3,-324.4,-324.4,-324.4
372,-369,-369,-369,-336.4,-336.4,-336.4
373,-350.6,-350.6,-350.6,-332,-332,-332
374,-383.4,-383.4,-383.4,-336.8,-336.8,-336.8
375,-397.3,-397.3,-397.3,-378.9,-378.9,-378.9
376,-382.1,-382.1,-382.1,-290.1,-290.1,-290.1
377,-361.9,-361.9,-361.9,-368.6,-368.6,-368.6
378,-383,-383,-383,-392.6,-392.6,-392.6
379,-406.4,-406.4,-406.4,-399.3,-399.3,-399.3
380,-416,-416,-416,-340.2,-340.2,-340.2
381,-418,-418,-418,-381.1,-381.1,-381.1
382,-376.6,-376.6,-376.6,-336,-336,-336
383,-423.1,-423.1,-423.1,-355.4,-355.4,-355.4
384,-368.8,-368.8,-368.8,-343.5,-343.5,-343.5
385,-335.6,-335.6,-335.6,-394.1,-394.1,-394.1
386,-352.8,-352.8,-352.8,-351.5,-351.5,-351.5
387,-373.6,-373.6,-373.6,-362.1,-362.1,-362.1
388,-384.7,-384.7,-384.7,-379.9,-379.9,-379.9
389,-356.6,-356.6,-356.6,-324.5,-324.5,-324.5
390,-401.7,-401.7,-401.7,-341.7,-341.7,-341.7
391,-371.6,-371.6,-371.6,-373.1,-373.1,-373.1
392,-330.5,-330.5,-330.5,-391.5,-391.5,-391.5
393,-352.3,-352.3,-352.3,-377.1,-377.1,-377.1
394,-423,-423,-423,-327.1,-327.1,-327.1
395,-428.1,-428.1,-428.1,-381.2,-381.2,-381.2
396,-353.5,-353.5,-353.5,-327.7,-327.7,-327.7
397,-380.2,-380.2,-380.2,-304.6,-304.6,-304.6
398,-374,-374,-374,-359.4,-359.4,-359.4
399,-410.1,-410.1,-410.1,-403.2,-403.2,-403.2
400,-376.5,-376.5,-376.5,-313.9,-313.9,-313.9
401,-410.4,-410.4,-410.4,-381.9,-381.9,-381.9
402,-350,-350,-350,-343.1,-343.1,-343.1
403,-355.5,-355.5,-355.5,-351.6,-351.6,-351.6
404,-351.7,-351.7,-351.7,-348,-348,-348
405,-366.7,-366.7,-366.7,-399.6,-399.6,-399.6
406,-386.5,-386.5,-386.5,-352.6,-352.6,-352.6
407,-369.5,-369.5,-369.5,-373,-373,-373
408,-361.3,-361.3,-361.3,-392.9,-392.9,-392.9
409,-399.2,-399.2,-399.2,-325.3,-325.3,-325.3
410,-431.1,-431.1,-431.1,-392.4,-392.4,-392.4
411,-367.8,-367.8,-367.8,-367.4,-367.4,-367.4
412,-363.4,-363.4,-363.4,-327.5,-327.5,-327.5
413,-388.7,-388.7,-388.7,-365.8,-365.8,-365.8
414,-376.9,-376.9,-376.9,-355.7,-355.7,-355.7
415,-354.5,-354.5,-354.5,-387.1,-387.1,-387.1
416,-388.6,-388.6,-388.6,-342.2,-342.2,-342.2
417,-336.3,-336.3,-336.3,-344.9,-344.9,-344.9
418,-362.6,-362.6,-362.6,-351.5,-351.5,-351.5
419,-392.6,-392.6,-392.6,-363.8,-363.8,-363.8
420,-377.9,-377.9,-377.9,-343.6,-343.6,-343.6
421,-409.8,-409.8,-409.8,-318.2,-318.2,-318.2
422,-428.5,-428.5,-428.5,-363.3,-363.3,-363.3
423,-407.6,-407.6,-407.6,-339.1,-339.1,-339.1
424,-367.1,-367.1,-367.1,-395.5,-395.5,-395.5
425,-350.6,-350.6,-350.6,-331.6,-331.6,-331.6
426,-358.7,-358.7,-358.7,-321.9,-321.9,-321.9
427,-351.5,-351.5,-351.5,-354.8,-354.8,-354.8
428,-362.8,-362.8,-362.8,-320.5,-320.5,-320.5
429,-391.3,-391.3,-391.3,-304.2,-304.2,-304.2
430,-375.4,-375.4,-375.4,-316.5,-316.5,-316.5
431,-372.4,-372.4,-372.4,-348.8,-348.8,-348.8
432,-366.9,-366.9,-366.9,-338.8,-338.8,-338.8
433,-417.1,-417.1,-417.1,-354,-354,-354
434,-406.4,-406.4,-406.4,-329.4,-329.4,-329.4
435,-424.7,-424.7,-424.7,-350.7,-350.7,-350.7
436,-359.7,-359.7,-359.7,-362.7,-362.7,-362.7
437,-374.7,-374.7,-374.7,-404,-404,-404
438,-429.6,-429.6,-429.6,-355.1,-355.1,-355.1
439,-439.5,-439.5,-439.5,-310.9,-310.9,-310.9
440,-357.8,-357.8,-357.8,-332.8,-332.8,-332.8
441,-365.4,-365.4,-365.4,-325.6,-325.6,-325.6
442,-406.4,-406.4,-406.4,-357.8,-357.8,-357.8
443,-329.4,-329.4,-329.4,-398.1,-398.1,-398.1
444,-316.6,-316.6,-316.6,-348.7,-348.7,-348.7
445,-403.6,-403.6,-403.6,-355.2,-355.2,-355.2
446,-331.4,-331.4,-331.4,-296.9,-296.9,-296.9
447,-406,-406,-406,-352.3,-352.3,-352.3
448,-456.4,-456.4,-456.4,-370,-370,-370
449,-342.5,-342.5,-342.5,-399.2,-399.2,-399.2
450,-324.6,-324.6,-324.6,-369.1,-369.1,-369.1
451,-411.4,-411.4,-411.4,-339.1,-339.1,-339.1
452,-387.6,-387.6,-387.6,-408.8,-408.8,-408.8
453,-436.8,-436.8,-436.8,-347,-347,-347
454,-361,-361,-361,-323.5,-323.5,-323.5
455,-332.4,-332.4,-332.4,-303,-303,-303
456,-392.7,-392.7,-392.7,-348.7,-348.7,-348.7
457,-430.3,-430.3,-430.3,-349.4,-349.4,-349.4
458,-426.8,-426.8,-426.8,-331,-331,-331
459,-369.2,-369.2,-369.2,-374,-374,-374
460,-380,-380,-380,-325,-325,-325
461,-392.7,-392.7,-392.7,-344,-344,-344
462,-388.8,-388.8,-388.8,-339,-339,-339
463,-333.1,-333.1,-333.1,-361.6,-361.6,-361.6
464,-455.4,-455.4,-455.4,-314.2,-314.2,-314.2
465,-401.9,-401.9,-401.9,-381.5,-381.5,-381.5
466,-390.5,-390.5,-390.5,-330.5,-330.5,-330.5
467,-341.2,-341.2,-341.2,-384.8,-384.8,-384.8
468,-392.9,-392.9,-392.9,-328.4,-328.4,-328.4
469,-414.8,-414.8,-414.8,-356.8,-356.8,-356.8
470,-366,-366,-366,-338.2,-338.2,-338.2
471,-417.1,-417.1,-417.1,-337.6,-337.6,-337.6
472,-378.9,-378.9,-378.9,-298.6,-298.6,-298.6
473,-370.3,-370.3,-370.3,-331.1,-331.1,-331.1
474,-379.6,-379.6,-379.6,-350.6,-350.6,-350.6
475,-413,-413,-413,-338.3,-338.3,-338.3
476,-418.2,-418.2,-418.2,-360.6,-360.6,-360.6
477,-371.8,-371.8,-371.8,-319.1,-319.1,-319.1
478,-376.1,-376.1,-376.1,-336,-336,-336
479,-396.3,-396.3,-396.3,-314.8,-314.8,-314.8
480,-392.5,-392.5,-392.5,-321.6,-321.6,-321.6
481,-391.2,-391.2,-391.2,-393.5,-393.5,-393.5
482,-393.2,-393.2,-393.2,-370.2,-370.2,-370.2
483,-383.8,-383.8,-383.8,-378.6,-378.6,-378.6
484,-406.1,-406.1,-406.1,-336.9,-336.9,-336.9
485,-387,-387,-387,-364.7,-364.7,-364.7
486,-398.5,-398.5,-398.5,-327.3,-327.3,-327.3
487,-412.5,-412.5,-412.5,-356.8,-356.8,-356.8
488,-385,-385,-385,-380,-380,-380
489,-312.3,-312.3,-312.3,-306.5,-306.5,-306.5
490,-368,-368,-368,-319.4,-319.4,-319.4
491,-411.6,-411.6,-411.6,-348.7,-348.7,-348.7
492,-383.1,-383.1,-383.1,-371.2,-371.2,-371.2
493,-394.2,-394.2,-394.2,-357.8,-357.8,-357.8
494,-439.6,-439.6,-439.6,-370.9,-370.9,-370.9
495,-410.8,-410.8,-410.8,-319.3,-319.3,-319.3
496,-379.4,-379.4,-379.4,-416.2,-416.2,-416.2
497,-451.7,-451.7,-451.7,-307.6,-307.6,-307.6
498,-397.8,-397.8,-397.8,-380.2,-380.2,-380.2
499,-388,-388,-388,-349,-349,-349
500,-411,-411,-411,-262.1,-262.1,-262.1
501,-373.7,-373.7,-373.7,-313.2,-313.2,-313.2
502,-422.3,-422.3,-422.3,-319.8,-319.8,-319.8
503,-428.3,-428.3,-428.3,-359.7,-359.7,-359.7
504,-362.8,-362.8,-362.8,-287.3,-287.3,-287.3
505,-342.7,-342.7,-342.7,-341.9,-341.9,-341.9
506,-414.5,-414.5,-414.5,-371.1,-371.1,-371.1
507,-356.3,-356.3,-356.3,-387.9,-387.9,-387.9
508,-427.2,-427.2,-427.2,-458.4,-458.4,-458.4
509,-365.4,-365.4,-365.4,-365.5,-365.5,-365.5
510,-416,-416,-416,-321.7,-321.7,-321.7
511,-363.8,-363.8,-363.8,-341.7,-341.7,-341.7
512,-349,-349,-349,-419.5,-419.5,-419.5
513,-394.3,-394.3,-394.3,-292,-292,-292
514,-386.1,-386.1,-386.1,-344.4,-344.4,-344.4
515,-433.7,-433.7,-433.7,-350.9,-350.9,-350.9
516,-393.5,-393.5,-393.5,-387.5,-387.5,-387.5
517,-365.5,-365.5,-365.5,-355,-355,-355
518,-361.6,-361.6,-361.6,-323.1,-323.1,-323.1
519,-459.5,-459.5,-459.5,-341.1,-341.1,-341.1
520,-440.9,-440.9,-440.9,-330.4,-330.4,-330.4
521,-405.7,-405.7,-405.7,-352.8,-352.8,-352.8
522,-433.4,-433.4,-433.4,-304.3,-304.3,-304.3
523,-381.6,-381.6,-381.6,-326.4,-326.4,-326.4
524,-435,-435,-435,-340.2,-340.2,-340.2
525,-451.2,-451.2,-451.2,-369.6,-369.6,-369.6
526,-425.3,-425.3,-425.3,-371.2,-371.2,-371.2
527,-378.7,-378.7,-378.7,-323.1,-323.1,-323.1
528,-424,-424,-424,-371.3,-371.3,-371.3
529,-407.9,-407.9,-407.9,-375.3,-375.3,-375.3
530,-446.5,-446.5,-446.5,-350.6,-350.6,-350.6
531,-382.3,-382.3,-382.3,-368.4,-368.4,-368.4
532,-430.3,-430.3,-430.3,-353.6,-353.6,-353.6
533,-426.7,-426.7,-426.7,-365.2,-365.2,-365.2
534,-378,-378,-378,-352.8,-352.8,-352.8
535,-380.6,-380.6,-380.6,-326.7,-326.7,-326.7
536,-395.8,-395.8,-395.8,-336.3,-336.3,-336.3
537,-399.9,-399.9,-399.9,-320.9,-320.9,-320.9
538,-426.1,-426.1,-426.1,-307.2,-307.2,-307.2
539,-410.1,-410.1,-410.1,-331.3,-331.3,-331.3
540,-404,-404,-404,-293.7,-293.7,-293.7
541,-411.2,-411.2,-411.2,-374.3,-374.3,-374.3
542,-419.5,-419.5,-419.5,-324.7,-324.7,-324.7
543,-428.3,-428.3,-428.3,-319.8,-319.8,-319.8
544,-384.9,-384.9,-384.9,-339.2,-339.2,-339.2
545,-423.6,-423.6,-423.6,-304.8,-304.8,-304.8
546,-376.7,-376.7,-376.7,-357.7,-357.7,-357.7
547,-381.9,-381.9,-381.9,-355.2,-355.2,-355.2
548,-458.6,-458.6,-458.6,-342.1,-342.1,-342.1
549,-410.2,-410.2,-410.2,-370.7,-370.7,-370.7
550,-409.9,-409.9,-409.9,-341.2,-341.2,-341.2
551,-432.2,-432.2,-432.2,-345.3,-345.3,-345.3
552,-371.8,-371.8,-371.8,-269.3,-269.3,-269.3
553,-341.9,-341.9,-341.9,-344.5,-344.5,-344.5
554,-357.3,-357.3,-357.3,-335.4,-335.4,-335.4
555,-400.1,-400.1,-400.1,-319.9,-319.9,-319.9
556,-426.5,-426.5,-426.5,-337.2,-337.2,-337.2
557,-324.8,-324.8,-324.8,-319.4,-319.4,-319.4
558,-360.1,-360.1,-360.1,-318.5,-318.5,-318.5
559,-363.3,-363.3,-363.3,-308.8,-308.8,-308.8
560,-393.2,-393.2,-393.2,-322.4,-322.4,-322.4
561,-403.4,-403.4,-403.4,-339.4,-339.4,-339.4
562,-353.5,-353.5,-353.5,-377.9,-377.9,-377.9
563,-379.7,-379.7,-379.7,-327.7,-327.7,-327.7
564,-385.6,-385.6,-385.6,-370.7,-370.7,-370.7
565,-407.7,-407.7,-407.7,-333,-333,-333
566,-385.3,-385.3,-385.3,-350.6,-350.6,-350.6
567,-360.8,-360.8,-360.8,-313.5,-313.5,-313.5
568,-352.2,-352.2,-352.2,-333.9,-333.9,-333.9
569,-441.4,-441.4,-441.4,-336.7,-336.7,-336.7
570,-416.9,-416.9,-416.9,-328.2,-328.2,-328.2
571,-356.3,-356.3,-356.3,-342.5,-342.5,-342.5
572,-411.4,-411.4,-411.4,-376.8,-376.8,-376.8
573,-438.4,-438.4,-438.4,-346.9,-346.9,-346.9
574,-400.3,-400.3,-400.3,-302.4,-302.4,-302.4
575,-355.1,-355.1,-355.1,-342.2,-342.2,-342.2
576,-383.5,-383.5,-383.5,-343.9,-343.9,-343.9
577,-406.7,-406.7,-406.7,-340.1,-340.1,-340.1
578,-390.2,-390.2,-390.2,-317.8,-317.8,-317.8
579,-378.7,-378.7,-378.7,-313.5,-313.5,-313.5
580,-360.4,-360.4,-360.4,-325.9,-325.9,-325.9
581,-319.5,-319.5,-319.5,-344.4,-344.4,-344.4
582,-408.7,-408.7,-408.7,-342.8,-342.8,-342.8
583,-394.1,-394.1,-394.1,-301.7,-301.7,-301.7
584,-358.3,-358.3,-358.3,-351.4,-351.4,-351.4
585,-339.4,-339.4,-339.4,-321.3,-321.3,-321.3
586,-364.3,-364.3,-364.3,-338.5,-338.5,-338.5
587,-431.9,-431.9,-431.9,-326.2,-326.2,-326.2
588,-372.8,-372.8,-372.8,-313.8,-313.8,-313.8
589,-367,-367,-367,-322.5,-322.5,-322.5
590,-415.1,-415.1,-415.1,-353,-353,-353
591,-395.4,-395.4,-395.4,-375.6,-375.6,-375.6
592,-444,-444,-444,-330.3,-330.3,-330.3
593,-384.7,-384.7,-384.7,-367.2,-367.2,-367.2
594,-403.6,-403.6,-403.6,-342.6,-342.6,-342.6
595,-387.5,-387.5,-387.5,-365.3,-365.3,-365.3
596,-389.3,-389.3,-389.3,-332.9,-332.9,-332.9
597,-431.1,-431.1,-431.1,-356.3,-356.3,-356.3
598,-326.4,-326.4,-326.4,-360.7,-360.7,-360.7
599,-466.6,-466.6,-466.6,-370,-370,-370
600,-394,-394,-394,-334.4,-334.4,-334.4
601,-402.3,-402.3,-402.3,-375.7,-375.7,-375.7
602,-389.7,-389.7,-389.7,-317.3,-317.3,-317.3
603,-367,-367,-367,-298,-298,-298
604,-362.4,-362.4,-362.4,-338.8,-338.8,-338.8
605,-397.8,-397.8,-397.8,-319.1,-319.1,-319.1
606,-384.3,-384.3,-384.3,-356.6,-356.6,-356.6
607,-453.4,-453.4,-453.4,-345.8,-345.8,-345.8
608,-358.5,-358.5,-358.5,-328.4,-328.4,-328.4
609,-388.1,-388.1,-388.1,-322.4,-322.4,-322.4
610,-359.9,-359.9,-359.9,-333.2,-333.2,-333.2
611,-339.5,-339.5,-339.5,-270.9,-270.9,-270.9
612,-376.3,-376.3,-376.3,-341.7,-341.7,-341.7
613,-366.9,-366.9,-366.9,-341,-341,-341
614,-408.4,-408.4,-408.4,-344.5,-344.5,-344.5
615,-381.5,-381.5,-381.5,-316.2,-316.2,-316.2
616,-357.7,-357.7,-357.7,-359.5,-359.5,-359.5
617,-411.2,-411.2,-411.2,-299.8,-299.8,-299.8
618,-346.4,-346.4,-346.4,-351.8,-351.8,-351.8
619,-447.1,-447.1,-447.1,-351.7,-351.7,-351.7
620,-350.4,-350.4,-350.4,-306.8,-306.8,-306.8
621,-431.9,-431.9,-431.9,-340.7,-340.7,-340.7
622,-463.9,-463.9,-463.9,-385.9,-385.9,-385.9
623,-416.9,-416.9,-416.9,-321.8,-321.8,-321.8
624,-424.4,-424.4,-424.4,-300.6,-300.6,-300.6
625,-398.6,-398.6,-398.6,-351.7,-351.7,-351.7
626,-432.7,-432.7,-432.7,-326,-326,-326
627,-409,-409,-409,-346.3,-346.3,-346.3
628,-416.3,-416.3,-416.3,-359.4,-359.4,-359.4
629,-380.1,-380.1,-380.1,-313.6,-313.6,-313.6
630,-422.7,-422.7,-422.7,-324.7,-324.7,-324.7
631,-419.5,-419.5,-419.5,-337.9,-337.9,-337.9
632,-367.4,-367.4,-367.4,-331.2,-331.2,-331.2
633,-438.3,-438.3,-438.3,-324.4,-324.4,-324.4
634,-441.2,-441.2,-441.2,-321.7,-321.7,-321.7
635,-423.4,-423.4,-423.4,-350.3,-350.3,-350.3
636,-364.9,-364.9,-364.9,-314.1,-314.1,-314.1
637,-416.4,-416.4,-416.4,-367.8,-367.8,-367.8
638,-305.2,-305.2,-305.2,-358.4,-358.4,-358.4
639,-401.4,-401.4,-401.4,-356.9,-356.9,-356.9
640,-394.2,-394.2,-394.2,-294.2,-294.2,-294.2
641,-364.5,-364.5,-364.5,-313.3,-313.3,-313.3
642,-396.9,-396.9,-396.9,-329,-329,-329
643,-311.5,-311.5,-311.5,-334,-334,-334
644,-424.8,-424.8,-424.8,-322.9,-322.9,-322.9
645,-341,-341,-341,-322.4,-322.4,-322.4
646,-385.7,-385.7,-385.7,-329.7,-329.7,-329.7
647,-383.7,-383.7,-383.7,-323.1,-323.1,-323.1
648,-418.8,-418.8,-418.8,-356.6,-356.6,-356.6
649,-415.2,-415.2,-415.2,-346.4,-346.4,-346.4
650,-416.5,-416.5,-416.5,-301.9,-301.9,-301.9
651,-405.7,-405.7,-405.7,-322.2,-322.2,-322.2
652,-381.5,-381.5,-381.5,-328.8,-328.8,-328.8
653,-383.6,-383.6,-383.6,-356.6,-356.6,-356.6
654,-420.3,-420.3,-420.3,-322.9,-322.9,-322.9
655,-419.9,-419.9,-419.9,-331.6,-331.6,-331.6
656,-396.9,-396.9,-396.9,-346.2,-346.2,-346.2
657,-352.8,-352.8,-352.8,-316.6,-316.6,-316.6
658,-433.3,-433.3,-433.3,-327.1,-327.1,-327.1
659,-365.4,-365.4,-365.4,-314.8,-314.8,-314.8
660,-390.2,-390.2,-390.2,-344,-344,-344
661,-368.6,-368.6,-368.6,-329.5,-329.5,-329.5
662,-404.6,-404.6,-404.6,-343.8,-343.8,-343.8
663,-393,-393,-393,-322.4,-322.4,-322.4
664,-430.1,-430.1,-430.1,-337.4,-337.4,-337.4
665,-395.2,-395.2,-395.2,-315.2,-315.2,-315.2
666,-434.7,-434.7,-434.7,-311.4,-311.4,-311.4
667,-387.9,-387.9,-387.9,-345.5,-345.5,-345.5
668,-371.8,-371.8,-371.8,-366.5,-366.5,-366.5
669,-381.4,-381.4,-381.4,-345.7,-345.7,-345.7
670,-387.9,-387.9,-387.9,-305.7,-305.7,-305.7
671,-392.6,-392.6,-392.6,-323.7,-323.7,-323.7
672,-412,-412,-412,-286.1,-286.1,-286.1
673,-361.9,-361.9,-361.9,-376.4,-376.4,-376.4
674,-307.5,-307.5,-307.5,-358.5,-358.5,-358.5
675,-335.6,-335.6,-335.6,-314.6,-314.6,-314.6
676,-462.3,-462.3,-462.3,-309,-309,-309
677,-386.2,-386.2,-386.2,-319.2,-319.2,-319.2
678,-378.9,-378.9,-378.9,-332.8,-332.8,-332.8
679,-436.2,-436.2,-436.2,-358.5,-358.5,-358.5
680,-393.3,-393.3,-393.3,-332.5,-332.5,-332.5
681,-381.5,-381.5,-381.5,-303.4,-303.4,-303.4
682,-412.8,-412.8,-412.8,-320.4,-320.4,-320.4
683,-418.2,-418.2,-418.2,-309.8,-309.8,-309.8
684,-412.9,-412.9,-412.9,-348.5,-348.5,-348.5
685,-398.3,-398.3,-398.3,-325.5,-325.5,-325.5
686,-359.7,-359.7,-359.7,-318.5,-318.5,-318.5
687,-414.6,-414.6,-414.6,-321.3,-321.3,-321.3
688,-411.2,-411.2,-411.2,-335.8,-335.8,-335.8
689,-437.5,-437.5,-437.5,-310.5,-310.5,-310.5
690,-344.1,-344.1,-344.1,-339.3,-339.3,-339.3
691,-437.1,-437.1,-437.1,-340.1,-340.1,-340.1
692,-406.4,-406.4,-406.4,-377.6,-377.6,-377.6
693,-455.9,-455.9,-455.9,-301.2,-301.2,-301.2
694,-392.3,-392.3,-392.3,-290.9,-290.9,-290.9
695,-388.3,-388.3,-388.3,-322.8,-322.8,-322.8
696,-422.8,-422.8,-422.8,-295.7,-295.7,-295.7
697,-403.6,-403.6,-403.6,-337.2,-337.2,-337.2
698,-343.9,-343.9,-343.9,-291,-291,-291
699,-427.3,-427.3,-427.3,-341.4,-341.4,-341.4
700,-384.9,-384.9,-384.9,-387.4,-387.4,-387.4
701,-422.6,-422.6,-422.6,-328.3,-328.3,-328.3
702,-381.9,-381.9,-381.9,-309.4,-309.4,-309.4
703,-431.5,-431.5,-431.5,-311.2,-311.2,-311.2
704,-376.6,-376.6,-376.6,-295.9,-295.9,-295.9
705,-396.9,-396.9,-396.9,-343.6,-343.6,-343.6
706,-368.7,-368.7,-368.7,-262.3,-262.3,-262.3
707,-442.2,-442.2,-442.2,-281.6,-281.6,-281.6
708,-437.5,-437.5,-437.5,-350.6,-350.6,-350.6
709,-395.3,-395.3,-395.3,-319.8,-319.8,-319.8
710,-404.7,-404.7,-404.7,-332.9,-332.9,-332.9
711,-400.2,-400.2,-400.2,-317.4,-317.4,-317.4
712,-382.8,-382.8,-382.8,-316.6,-316.6,-316.6
713,-352.7,-352.7,-352.7,-347.5,-347.5,-347.5
714,-371.8,-371.8,-371.8,-405.1,-405.1,-405.1
715,-379.2,-379.2,-379.2,-309.5,-309.5,-309.5
716,-384.9,-384.9,-384.9,-296.6,-296.6,-296.6
717,-440.6,-440.6,-440.6,-281.6,-281.6,-281.6
718,-456.3,-456.3,-456.3,-319.8,-319.8,-319.8
719,-395.9,-395.9,-395.9,-315.9,-315.9,-315.9
720,-389.7,-389.7,-389.7,-311.6,-311.6,-311.6
721,-427,-427,-427,-325.6,-325.6,-325.6
722,-459,-459,-459,-301.6,-301.6,-301.6
723,-346,-346,-346,-347.7,-347.7,-347.7
724,-368.8,-368.8,-368.8,-343,-343,-343
725,-391.1,-391.1,-391.1,-284,-284,-284
726,-410,-410,-410,-350.9,-350.9,-350.9
727,-334.8,-334.8,-334.8,-311,-311,-311
728,-417.8,-417.8,-417.8,-300,-300,-300
729,-393.1,-393.1,-393.1,-350.5,-350.5,-350.5
730,-384.2,-384.2,-384.2,-322,-322,-322
731,-380.7,-380.7,-380.7,-310.7,-310.7,-310.7
732,-341.7,-341.7,-341.7,-340.9,-340.9,-340.9
733,-316.4,-316.4,-316.4,-319.9,-319.9,-319.9
734,-463.4,-463.4,-463.4,-333.7,-333.7,-333.7
735,-393.9,-393.9,-393.9,-331.4,-331.4,-331.4
736,-355.7,-355.7,-355.7,-329.4,-329.4,-329.4
737,-367.9,-367.9,-367.9,-333.3,-333.3,-333.3
738,-360.3,-360.3,-360.3,-311.8,-311.8,-311.8
739,-334,-334,-334,-285.8,-285.8,-285.8
740,-391.4,-391.4,-391.4,-356.5,-356.5,-356.5
741,-369.3,-369.3,-369.3,-310.8,-310.8,-310.8
742,-358.6,-358.6,-358.6,-380,-380,-380
743,-344.4,-344.4,-344.4,-331.3,-331.3,-331.3
744,-349.3,-349.3,-349.3,-359.8,-359.8,-359.8
745,-392.3,-392.3,-392.3,-310.7,-310.7,-310.7
746,-400.1,-400.1,-400.1,-357.2,-357.2,-357.2
747,-367.7,-367.7,-367.7,-321.5,-321.5,-321.5
748,-346.5,-346.5,-346.5,-326.4,-326.4,-326.4
749,-332.7,-332.7,-332.7,-299.1,-299.1,-299.1
750,-376.3,-376.3,-376.3,-257.6,-257.6,-257.6
751,-421.3,-421.3,-421.3,-336,-336,-336
752,-365.7,-365.7,-365.7,-330.3,-330.3,-330.3
753,-364.9,-364.9,-364.9,-291.8,-291.8,-291.8
754,-391.5,-391.5,-391.5,-362.9,-362.9,-362.9
755,-400,-400,-400,-307.8,-307.8,-307.8
756,-406.8,-406.8,-406.8,-318.9,-318.9,-318.9
757,-380.6,-380.6,-380.6,-360.1,-360.1,-360.1
758,-435.3,-435.3,-435.3,-334.8,-334.8,-334.8
759,-401.6,-401.6,-401.6,-363.4,-363.4,-363.4
760,-311.1,-311.1,-311.1,-292,-292,-292
761,-340.7,-340.7,-340.7,-287.2,-287.2,-287.2
762,-400.5,-400.5,-400.5,-348.7,-348.7,-348.7
763,-345.3,-345.3,-345.3,-366.4,-366.4,-366.4
764,-375.8,-375.8,-375.8,-360.8,-360.8,-360.8
765,-366.1,-366.1,-366.1,-330.2,-330.2,-330.2
766,-353.1,-353.1,-353.1,-326.3,-326.3,-326.3
767,-423.4,-423.4,-423.4,-307.2,-307.2,-307.2
768,-399.3,-399.3,-399.3,-328,-328,-328
769,-380.7,-380.7,-380.7,-326.8,-326.8,-326.8
770,-374.4,-374.4,-374.4,-323.1,-323.1,-323.1
771,-400.2,-400.2,-400.2,-312.4,-312.4,-312.4
772,-393.4,-393.4,-393.4,-288.2,-288.2,-288.2
773,-330.2,-330.2,-330.2,-320.3,-320.3,-320.3
774,-365.2,-365.2,-365.2,-376.9,-376.9,-376.9
775,-334.9,-334.9,-334.9,-323.2,-323.2,-323.2
776,-339,-339,-339,-290.6,-290.6,-290.6
777,-410,-410,-410,-297.8,-297.8,-297.8
778,-354,-354,-354,-304.9,-304.9,-304.9
779,-358.9,-358.9,-358.9,-368.4,-368.4,-368.4
780,-431.1,-431.1,-431.1,-339.2,-339.2,-339.2
781,-357.4,-357.4,-357.4,-337.4,-337.4,-337.4
782,-365.3,-365.3,-365.3,-270,-270,-270
783,-377.3,-377.3,-377.3,-326,-326,-326
784,-429.4,-429.4,-429.4,-277.4,-277.4,-277.4
785,-417.6,-417.6,-417.6,-315.5,-315.5,-315.5
786,-398,-398,-398,-289.5,-289.5,-289.5
787,-341.1,-341.1,-341.1,-316.9,-316.9,-316.9
788,-358.3,-358.3,-358.3,-323.2,-323.2,-323.2
789,-390,-390,-390,-287,-287,-287
790,-373.2,-373.2,-373.2,-294.5,-294.5,-294.5
791,-352.9,-352.9,-352.9,-300.3,-300.3,-300.3
792,-365,-365,-365,-370.6,-370.6,-370.6
793,-330.3,-330.3,-330.3,-355.8,-355.8,-355.8
794,-405.5,-405.5,-405.5,-326.2,-326.2,-326.2
795,-357.6,-357.6,-357.6,-328.9,-328.9,-328.9
796,-384.3,-384.3,-384.3,-288.2,-288.2,-288.2
797,-366.6,-366.6,-366.6,-302.5,-302.5,-302.5
798,-339.4,-339.4,-339.4,-317.4,-317.4,-317.4
799,-367.5,-367.5,-367.5,-317.4,-317.4,-317.4
800,-421.4,-421.4,-421.4,-322.3,-322.3,-322.3
801,-338.7,-338.7,-338.7,-357.7,-357.7,-357.7
802,-321.9,-321.9,-321.9,-320.7,-320.7,-320.7
803,-400.8,-400.8,-400.8,-302.6,-302.6,-302.6
804,-331.5,-331.5,-331.5,-285.5,-285.5,-285.5
805,-320.2,-320.2,-320.2,-306.4,-306.4,-306.4
806,-385.8,-385.8,-385.8,-329.8,-329.8,-329.8
807,-394,-394,-394,-332.2,-332.2,-332.2
808,-314.9,-314.9,-314.9,-312.5,-312.5,-312.5
809,-387.7,-387.7,-387.7,-327.4,-327.4,-327.4
810,-445.1,-445.1,-445.1,-324.7,-324.7,-324.7
811,-339.7,-339.7,-339.7,-371.8,-371.8,-371.8
812,-350.6,-350.6,-350.6,-320.2,-320.2,-320.2
813,-381.2,-381.2,-381.2,-306.8,-306.8,-306.8
814,-405.4,-405.4,-405.4,-283.8,-283.8,-283.8
815,-353.9,-353.9,-353.9,-304.5,-304.5,-304.5
816,-362.9,-362.9,-362.9,-337.5,-337.5,-337.5
817,-342,-342,-342,-296.7,-296.7,-296.7
818,-400.7,-400.7,-400.7,-285.3,-285.3,-285.3
819,-355.9,-355.9,-355.9,-327.5,-327.5,-327.5
820,-356,-356,-356,-310.3,-310.3,-310.3
821,-403.1,-403.1,-403.1,-249.6,-249.6,-249.6
822,-359,-359,-359,-284,-284,-284
823,-341.9,-341.9,-341.9,-329.8,-329.8,-329.8
824,-402.7,-402.7,-402.7,-307.1,-307.1,-307.1
825,-401.6,-401.6,-401.6,-321.1,-321.1,-321.1
826,-384.7,-384.7,-384.7,-344.1,-344.1,-344.1
827,-383.8,-383.8,-383.8,-335,-335,-335
828,-358,-358,-358,-321.2,-321.2,-321.2
829,-328.1,-328.1,-328.1,-292.4,-292.4,-292.4
830,-382,-382,-382,-325,-325,-325
831,-393.8,-393.8,-393.8,-297.4,-297.4,-297.4
832,-401.7,-401.7,-401.7,-276.8,-276.8,-276.8
833,-343.4,-343.4,-343.4,-347.7,-347.7,-347.7
834,-406.5,-406.5,-406.5,-293.3,-293.3,-293.3
835,-389.9,-389.9,-389.9,-303.4,-303.4,-303.4
836,-387.9,-387.9,-387.9,-317.3,-317.3,-317.3
837,-387.4,-387.4,-387.4,-319.2,-319.2,-319.2
838,-382.6,-382.6,-382.6,-281.8,-281.8,-281.8
839,-329.6,-329.6,-329.6,-297.1,-297.1,-297.1
840,-372.5,-372.5,-372.5,-301.5,-301.5,-301.5
841,-418.6,-418.6,-418.6,-327.1,-327.1,-327.1
842,-384.8,-384.8,-384.8,-332.1,-332.1,-332.1
843,-388.3,-388.3,-388.3,-313.6,-313.6,-313.6
844,-344.8,-344.8,-344.8,-295.9,-295.9,-295.9
845,-394.9,-394.9,-394.9,-318.5,-318.5,-318.5
846,-383.3,-383.3,-383.3,-295.5,-295.5,-295.5
847,-423.6,-423.6,-423.6,-314,-314,-314
848,-366.9,-366.9,-366.9,-311.4,-311.4,-311.4
849,-367.5,-367.5,-367.5,-365,-365,-365
850,-453.5,-453.5,-453.5,-326.1,-326.1,-326.1
851,-437.2,-437.2,-437.2,-334.4,-334.4,-334.4
852,-356.4,-356.4,-356.4,-340.5,-340.5,-340.5
853,-400.4,-400.4,-400.4,-307.1,-307.1,-307.1
854,-443.5,-443.5,-443.5,-308.7,-308.7,-308.7
855,-330.6,-330.6,-330.6,-286.1,-286.1,-286.1
856,-362.9,-362.9,-362.9,-334,-334,-334
857,-361.7,-361.7,-361.7,-282.3,-282.3,-282.3
858,-388.3,-388.3,-388.3,-308.8,-308.8,-308.8
859,-410,-410,-410,-283.1,-283.1,-283.1
860,-417.7,-417.7,-417.7,-269.8,-269.8,-269.8
861,-444,-444,-444,-283.1,-283.1,-283.1
862,-368.5,-368.5,-368.5,-291.3,-291.3,-291.3
863,-412.2,-412.2,-412.2,-317.4,-317.4,-317.4
864,-390.5,-390.5,-390.5,-296.2,-296.2,-296.2
865,-375.9,-375.9,-375.9,-326.2,-326.2,-326.2
866,-375.1,-375.1,-375.1,-247.7,-247.7,-247.7
867,-375.5,-375.5,-375.5,-313.7,-313.7,-313.7
868,-380.2,-380.2,-380.2,-296.7,-296.7,-296.7
869,-411.8,-411.8,-411.8,-285.5,-285.5,-285.5
870,-384.8,-384.8,-384.8,-325.8,-325.8,-325.8
871,-390.1,-390.1,-390.1,-313.3,-313.3,-313.3
872,-388.9,-388.9,-388.9,-295.8,-295.8,-295.8
873,-410.7,-410.7,-410.7,-275,-275,-275
874,-460.2,-460.2,-460.2,-338.2,-338.2,-338.2
875,-363.4,-363.4,-363.4,-292.9,-292.9,-292.9
876,-347,-347,-347,-311.3,-311.3,-311.3
877,-410.1,-410.1,-410.1,-324.4,-324.4,-324.4
878,-334.7,-334.7,-334.7,-270.6,-270.6,-270.6
879,-410.1,-410.1,-410.1,-290.2,-290.2,-290.2
880,-403.3,-403.3,-403.3,-293.1,-293.1,-293.1
881,-495.1,-495.1,-495.1,-311,-311,-311
882,-363.4,-363.4,-363.4,-323.9,-323.9,-323.9
883,-383.4,-383.4,-383.4,-290,-290,-290
884,-397.5,-397.5,-397.5,-295.8,-295.8,-295.8
885,-409.4,-409.4,-409.4,-273.1,-273.1,-273.1
886,-323.8,-323.8,-323.8,-299.7,-299.7,-299.7
887,-420,-420,-420,-294.4,-294.4,-294.4
888,-389,-389,-389,-322.3,-322.3,-322.3
889,-354.2,-354.2,-354.2,-333.8,-333.8,-333.8
890,-325.6,-325.6,-325.6,-354.2,-354.2,-354.2
891,-409.1,-409.1,-409.1,-321.7,-321.7,-321.7
892,-347.2,-347.2,-347.2,-278.3,-278.3,-278.3
893,-346.7,-346.7,-346.7,-335.5,-335.5,-335.5
894,-411,-411,-411,-276.2,-276.2,-276.2
895,-350,-350,-350,-317.1,-317.1,-317.1
896,-373.3,-373.3,-373.3,-312,-312,-312
897,-325.7,-325.7,-325.7,-253.4,-253.4,-253.4
898,-374.2,-374.2,-374.2,-316.7,-316.7,-316.7
899,-394.9,-394.9,-394.9,-282.5,-282.5,-282.5
900,-371.1,-371.1,-371.1,-272.8,-272.8,-272.8
901,-401,-401,-401,-285.2,-285.2,-285.2
902,-398.1,-398.1,-398.1,-285.2,-285.2,-285.2
903,-403.8,-403.8,-403.8,-290.1,-290.1,-290.1
904,-374.3,-374.3,-374.3,-330.5,-330.5,-330.5
905,-385.6,-385.6,-385.6,-310.9,-310.9,-310.9
906,-352.8,-352.8,-352.8,-326.9,-326.9,-326.9
907,-319.6,-319.6,-319.6,-313.6,-313.6,-313.6
908,-399.7,-399.7,-399.7,-303.1,-303.1,-303.1
909,-394.3,-394.3,-394.3,-301.4,-301.4,-301.4
910,-374.8,-374.8,-374.8,-332.5,-332.5,-332.5
911,-389.1,-389.1,-389.1,-316.4,-316.4,-316.4
912,-370,-370,-370,-328,-328,-328
913,-368.1,-368.1,-368.1,-321,-321,-321
914,-381.9,-381.9,-381.9,-273.4,-273.4,-273.4
915,-320.1,-320.1,-320.1,-311.3,-311.3,-311.3
916,-368.7,-368.7,-368.7,-336.8,-336.8,-336.8
917,-335.6,-335.6,-335.6,-318.1,-318.1,-318.1
918,-378.3,-378.3,-378.3,-306.2,-306.2,-306.2
919,-330.7,-330.7,-330.7,-281.5,-281.5,-281.5
920,-362,-362,-362,-258,-258,-258
921,-384.5,-384.5,-384.5,-267.9,-267.9,-267.9
922,-340.2,-340.2,-340.2,-253,-253,-253
923,-349.2,-349.2,-349.2,-306.5,-306.5,-306.5
924,-335.1,-335.1,-335.1,-283.4,-283.4,-283.4
925,-313.3,-313.3,-313.3,-312.6,-312.6,-312.6
926,-373.3,-373.3,-373.3,-270,-270,-270
927,-447.6,-447.6,-447.6,-269.1,-269.1,-269.1
928,-380,-380,-380,-303.3,-303.3,-303.3
929,-358.1,-358.1,-358.1,-324.8,-324.8,-324.8
930,-393.4,-393.4,-393.4,-300,-300,-300
931,-383.6,-383.6,-383.6,-307.9,-307.9,-307.9
932,-377.4,-377.4,-377.4,-287.9,-287.9,-287.9
933,-337.7,-337.7,-337.7,-317,-317,-317
934,-398.5,-398.5,-398.5,-325.1,-325.1,-325.1
935,-400,-400,-400,-338.7,-338.7,-338.7
936,-381.4,-381.4,-381.4,-282.3,-282.3,-282.3
937,-328.2,-328.2,-328.2,-307.4,-307.4,-307.4
938,-367.7,-367.7,-367.7,-307.6,-307.6,-307.6
939,-376.4,-376.4,-376.4,-283.2,-283.2,-283.2
940,-373.8,-373.8,-373.8,-328.7,-328.7,-328.7
941,-336.9,-336.9,-336.9,-313.2,-313.2,-313.2
942,-427.1,-427.1,-427.1,-266.7,-266.7,-266.7
943,-395.1,-395.1,-395.1,-286.7,-286.7,-286.7
944,-413.8,-413.8,-413.8,-299,-299,-299
945,-373.2,-373.2,-373.2,-296.7,-296.7,-296.7
946,-354.8,-354.8,-354.8,-283.1,-283.1,-283.1
947,-396.6,-396.6,-396.6,-308,-308,-308
948,-407.5,-407.5,-407.5,-305.1,-305.1,-305.1
949,-348.5,-348.5,-348.5,-266.6,-266.6,-266.6
950,-440.4,-440.4,-440.4,-273.8,-273.8,-273.8
951,-357.1,-357.1,-357.1,-231.9,-231.9,-231.9
952,-377.2,-377.2,-377.2,-263.4,-263.4,-263.4
953,-366.8,-366.8,-366.8,-274.6,-274.6,-274.6
954,-385.5,-385.5,-385.5,-274.7,-274.7,-274.7
955,-359.2,-359.2,-359.2,-243.3,-243.3,-243.3
956,-319.4,-319.4,-319.4,-261.7,-261.7,-261.7
957,-310.4,-310.4,-310.4,-269.5,-269.5,-269.5
958,-405.5,-405.5,-405.5,-294.4,-294.4,-294.4
959,-404,-404,-404,-286.9,-286.9,-286.9
960,-407,-407,-407,-277.9,-277.9,-277.9
961,-426.1,-426.1,-426.1,-303.3,-303.3,-303.3
962,-447,-447,-447,-274.9,-274.9,-274.9
963,-414.2,-414.2,-414.2,-269.5,-269.5,-269.5
964,-343.1,-343.1,-343.1,-269.6,-269.6,-269.6
965,-419.6,-419.6,-419.6,-273.7,-273.7,-273.7
966,-395.3,-395.3,-395.3,-273.4,-273.4,-273.4
967,-359.3,-359.3,-359.3,-258.1,-258.1,-258.1
968,-380.8,-380.8,-380.8,-287.8,-287.8,-287.8
969,-365.3,-365.3,-365.3,-274.6,-274.6,-274.6
970,-373.5,-373.5,-373.5,-324.2,-324.2,-324.2
971,-419.5,-419.5,-419.5,-284.3,-284.3,-284.3
972,-347.8,-347.8,-347.8,-273.7,-273.7,-273.7
973,-352.7,-352.7,-352.7,-269.4,-269.4,-269.4
974,-373.9,-373.9,-373.9,-304.6,-304.6,-304.6
975,-421.5,-421.5,-421.5,-312.6,-312.6,-312.6
976,-432,-432,-432,-307.5,-307.5,-307.5
977,-359.2,-359.2,-359.2,-260.4,-260.4,-260.4
978,-352,-352,-352,-365.7,-365.7,-365.7
979,-351.8,-351.8,-351.8,-250.3,-250.3,-250.3
980,-328.7,-328.7,-328.7,-301.5,-301.5,-301.5
981,-355.9,-355.9,-355.9,-292.7,-292.7,-292.7
982,-375.1,-375.1,-375.1,-345.3,-345.3,-345.3
983,-382.4,-382.4,-382.4,-346.3,-346.3,-346.3
984,-333.1,-333.1,-333.1,-312.4,-312.4,-312.4
985,-360.5,-360.5,-360.5,-304.1,-304.1,-304.1
986,-338.1,-338.1,-338.1,-350.2,-350.2,-350.2
987,-366.4,-366.4,-366.4,-318,-318,-318
988,-354.5,-354.5,-354.5,-271.5,-271.5,-271.5
989,-365.4,-365.4,-365.4,-340.5,-340.5,-340.5
990,-417.8,-417.8,-417.8,-328,-328,-328
991,-331.7,-331.7,-331.7,-293.2,-293.2,-293.2
992,-359.8,-359.8,-359.8,-300.7,-300.7,-300.7
993,-417.3,-417.3,-417.3,-264.2,-264.2,-264.2
994,-390.2,-390.2,-390.2,-310.5,-310.5,-310.5
995,-381.5,-381.5,-381.5,-292.1,-292.1,-292.1
996,-370,-370,-370,-343.7,-343.7,-343.7
997,-362.2,-362.2,-362.2,-300.1,-300.1,-300.1
998,-404,-404,-404,-274.4,-274.4,-274.4
999,-390.5,-390.5,-390.5,-250.4,-250.4,-250.4
1000,-372.3,-372.3,-372.3,-310.4,-310.4,-310.4
