"epoch","mpe-large-spread-v2_teamcomm_intra_mFalse_vTrue_333 - _step","mpe-large-spread-v2_teamcomm_intra_mFalse_vTrue_333 - _step__MIN","mpe-large-spread-v2_teamcomm_intra_mFalse_vTrue_333 - _step__MAX","mpe-large-spread-v2_teamcomm_intra_mFalse_vTrue_333 - episode_return","mpe-large-spread-v2_teamcomm_intra_mFalse_vTrue_333 - episode_return__MIN","mpe-large-spread-v2_teamcomm_intra_mFalse_vTrue_333 - episode_return__MAX","mpe-large-spread-v2_teamcomm_no_mTrue_vFalse_ming - _step","mpe-large-spread-v2_teamcomm_no_mTrue_vFalse_ming - _step__MIN","mpe-large-spread-v2_teamcomm_no_mTrue_vFalse_ming - _step__MAX","mpe-large-spread-v2_teamcomm_no_mTrue_vFalse_ming - episode_return","mpe-large-spread-v2_teamcomm_no_mTrue_vFalse_ming - episode_return__MIN","mpe-large-spread-v2_teamcomm_no_mTrue_vFalse_ming - episode_return__MAX"
"1","0","0","0","-547.2","-547.2","-547.2","0","0","0","-556.4","-556.4","-556.4"
"2","3","3","3","-589.1","-589.1","-589.1","3","3","3","-508.8","-508.8","-508.8"
"3","6","6","6","-555.5","-555.5","-555.5","6","6","6","-522.4","-522.4","-522.4"
"4","9","9","9","-626.5","-626.5","-626.5","9","9","9","-581.3","-581.3","-581.3"
"5","12","12","12","-476.2","-476.2","-476.2","12","12","12","-640","-640","-640"
"6","15","15","15","-635.8","-635.8","-635.8","15","15","15","-622.6","-622.6","-622.6"
"7","18","18","18","-524.5","-524.5","-524.5","18","18","18","-561.5","-561.5","-561.5"
"8","21","21","21","-539.8","-539.8","-539.8","21","21","21","-572.4","-572.4","-572.4"
"9","24","24","24","-484","-484","-484","24","24","24","-639.2","-639.2","-639.2"
"10","27","27","27","-535.8","-535.8","-535.8","27","27","27","-556.5","-556.5","-556.5"
"11","30","30","30","-461.5","-461.5","-461.5","30","30","30","-507","-507","-507"
"12","33","33","33","-580","-580","-580","33","33","33","-521.4","-521.4","-521.4"
"13","36","36","36","-534.8","-534.8","-534.8","36","36","36","-527","-527","-527"
"14","39","39","39","-517.8","-517.8","-517.8","39","39","39","-526.5","-526.5","-526.5"
"15","42","42","42","-507.3","-507.3","-507.3","42","42","42","-586.1","-586.1","-586.1"
"16","45","45","45","-516.5","-516.5","-516.5","45","45","45","-596.1","-596.1","-596.1"
"17","48","48","48","-495","-495","-495","48","48","48","-542","-542","-542"
"18","51","51","51","-574.1","-574.1","-574.1","51","51","51","-521.8","-521.8","-521.8"
"19","54","54","54","-549.3","-549.3","-549.3","54","54","54","-560","-560","-560"
"20","57","57","57","-557.6","-557.6","-557.6","57","57","57","-549.7","-549.7","-549.7"
"21","60","60","60","-547.8","-547.8","-547.8","60","60","60","-582.4","-582.4","-582.4"
"22","63","63","63","-485.8","-485.8","-485.8","63","63","63","-525.1","-525.1","-525.1"
"23","66","66","66","-545.9","-545.9","-545.9","66","66","66","-576.8","-576.8","-576.8"
"24","69","69","69","-493.7","-493.7","-493.7","69","69","69","-603.9","-603.9","-603.9"
"25","72","72","72","-484.5","-484.5","-484.5","72","72","72","-498.7","-498.7","-498.7"
"26","75","75","75","-515.3","-515.3","-515.3","75","75","75","-490.2","-490.2","-490.2"
"27","78","78","78","-505.9","-505.9","-505.9","78","78","78","-582.3","-582.3","-582.3"
"28","81","81","81","-464.5","-464.5","-464.5","81","81","81","-537.7","-537.7","-537.7"
"29","84","84","84","-547.9","-547.9","-547.9","84","84","84","-519.5","-519.5","-519.5"
"30","87","87","87","-549.9","-549.9","-549.9","87","87","87","-497.4","-497.4","-497.4"
"31","90","90","90","-539.2","-539.2","-539.2","90","90","90","-532.7","-532.7","-532.7"
"32","93","93","93","-542.5","-542.5","-542.5","93","93","93","-533.5","-533.5","-533.5"
"33","96","96","96","-546.4","-546.4","-546.4","96","96","96","-530.8","-530.8","-530.8"
"34","99","99","99","-530","-530","-530","99","99","99","-585.5","-585.5","-585.5"
"35","102","102","102","-508.9","-508.9","-508.9","102","102","102","-494.8","-494.8","-494.8"
"36","105","105","105","-529.9","-529.9","-529.9","105","105","105","-526.7","-526.7","-526.7"
"37","108","108","108","-503.7","-503.7","-503.7","108","108","108","-517.3","-517.3","-517.3"
"38","111","111","111","-484.1","-484.1","-484.1","111","111","111","-513.5","-513.5","-513.5"
"39","114","114","114","-592.1","-592.1","-592.1","114","114","114","-516.6","-516.6","-516.6"
"40","117","117","117","-450.3","-450.3","-450.3","117","117","117","-504.3","-504.3","-504.3"
"41","120","120","120","-524.5","-524.5","-524.5","120","120","120","-483.5","-483.5","-483.5"
"42","123","123","123","-502.5","-502.5","-502.5","123","123","123","-524.9","-524.9","-524.9"
"43","126","126","126","-558.3","-558.3","-558.3","126","126","126","-529.1","-529.1","-529.1"
"44","129","129","129","-576.9","-576.9","-576.9","129","129","129","-493.7","-493.7","-493.7"
"45","132","132","132","-542.2","-542.2","-542.2","132","132","132","-504","-504","-504"
"46","135","135","135","-509.5","-509.5","-509.5","135","135","135","-475.8","-475.8","-475.8"
"47","138","138","138","-511.7","-511.7","-511.7","138","138","138","-476.8","-476.8","-476.8"
"48","141","141","141","-509.2","-509.2","-509.2","141","141","141","-471","-471","-471"
"49","144","144","144","-547.2","-547.2","-547.2","144","144","144","-514.6","-514.6","-514.6"
"50","147","147","147","-506.7","-506.7","-506.7","147","147","147","-563.1","-563.1","-563.1"
"51","150","150","150","-542.4","-542.4","-542.4","150","150","150","-539.9","-539.9","-539.9"
"52","153","153","153","-529.9","-529.9","-529.9","153","153","153","-530.1","-530.1","-530.1"
"53","156","156","156","-579.2","-579.2","-579.2","156","156","156","-484.4","-484.4","-484.4"
"54","159","159","159","-449.2","-449.2","-449.2","159","159","159","-515.6","-515.6","-515.6"
"55","162","162","162","-533.9","-533.9","-533.9","162","162","162","-471.1","-471.1","-471.1"
"56","165","165","165","-541.6","-541.6","-541.6","165","165","165","-420.6","-420.6","-420.6"
"57","168","168","168","-508.5","-508.5","-508.5","168","168","168","-531.7","-531.7","-531.7"
"58","171","171","171","-488","-488","-488","171","171","171","-466.8","-466.8","-466.8"
"59","174","174","174","-468.5","-468.5","-468.5","174","174","174","-498.3","-498.3","-498.3"
"60","177","177","177","-529.9","-529.9","-529.9","177","177","177","-476.3","-476.3","-476.3"
"61","180","180","180","-512.1","-512.1","-512.1","180","180","180","-486","-486","-486"
"62","183","183","183","-508.8","-508.8","-508.8","183","183","183","-512.9","-512.9","-512.9"
"63","186","186","186","-455.3","-455.3","-455.3","186","186","186","-516.1","-516.1","-516.1"
"64","189","189","189","-581.1","-581.1","-581.1","189","189","189","-524.9","-524.9","-524.9"
"65","192","192","192","-501.3","-501.3","-501.3","192","192","192","-489.8","-489.8","-489.8"
"66","195","195","195","-500.7","-500.7","-500.7","195","195","195","-497","-497","-497"
"67","198","198","198","-452.8","-452.8","-452.8","198","198","198","-422.7","-422.7","-422.7"
"68","201","201","201","-548.8","-548.8","-548.8","201","201","201","-476.3","-476.3","-476.3"
"69","204","204","204","-516.4","-516.4","-516.4","204","204","204","-509.9","-509.9","-509.9"
"70","207","207","207","-467.1","-467.1","-467.1","207","207","207","-403.4","-403.4","-403.4"
"71","210","210","210","-484.5","-484.5","-484.5","210","210","210","-492.6","-492.6","-492.6"
"72","213","213","213","-530.9","-530.9","-530.9","213","213","213","-525.1","-525.1","-525.1"
"73","216","216","216","-444.2","-444.2","-444.2","216","216","216","-470.2","-470.2","-470.2"
"74","219","219","219","-488.7","-488.7","-488.7","219","219","219","-438.1","-438.1","-438.1"
"75","222","222","222","-513.8","-513.8","-513.8","222","222","222","-433.1","-433.1","-433.1"
"76","225","225","225","-466.8","-466.8","-466.8","225","225","225","-470.2","-470.2","-470.2"
"77","228","228","228","-460","-460","-460","228","228","228","-502.6","-502.6","-502.6"
"78","231","231","231","-442.4","-442.4","-442.4","231","231","231","-455.8","-455.8","-455.8"
"79","234","234","234","-512.8","-512.8","-512.8","234","234","234","-425.6","-425.6","-425.6"
"80","237","237","237","-484.8","-484.8","-484.8","237","237","237","-485.3","-485.3","-485.3"
"81","240","240","240","-506.6","-506.6","-506.6","240","240","240","-449.5","-449.5","-449.5"
"82","243","243","243","-528.8","-528.8","-528.8","243","243","243","-437.1","-437.1","-437.1"
"83","246","246","246","-576.6","-576.6","-576.6","246","246","246","-536.6","-536.6","-536.6"
"84","249","249","249","-498.3","-498.3","-498.3","249","249","249","-458.1","-458.1","-458.1"
"85","252","252","252","-486.1","-486.1","-486.1","252","252","252","-442.8","-442.8","-442.8"
"86","255","255","255","-553.6","-553.6","-553.6","255","255","255","-430.9","-430.9","-430.9"
"87","258","258","258","-469","-469","-469","258","258","258","-480.3","-480.3","-480.3"
"88","261","261","261","-482.3","-482.3","-482.3","261","261","261","-433.6","-433.6","-433.6"
"89","264","264","264","-487.1","-487.1","-487.1","264","264","264","-487.6","-487.6","-487.6"
"90","267","267","267","-475.7","-475.7","-475.7","267","267","267","-437.4","-437.4","-437.4"
"91","270","270","270","-465.3","-465.3","-465.3","270","270","270","-508.4","-508.4","-508.4"
"92","273","273","273","-471.8","-471.8","-471.8","273","273","273","-462.1","-462.1","-462.1"
"93","276","276","276","-449.8","-449.8","-449.8","276","276","276","-462","-462","-462"
"94","279","279","279","-494.9","-494.9","-494.9","279","279","279","-481.2","-481.2","-481.2"
"95","282","282","282","-509.6","-509.6","-509.6","282","282","282","-408.3","-408.3","-408.3"
"96","285","285","285","-468.7","-468.7","-468.7","285","285","285","-459.1","-459.1","-459.1"
"97","288","288","288","-457.7","-457.7","-457.7","288","288","288","-456","-456","-456"
"98","291","291","291","-490.6","-490.6","-490.6","291","291","291","-496.2","-496.2","-496.2"
"99","294","294","294","-449.3","-449.3","-449.3","294","294","294","-416.2","-416.2","-416.2"
"100","297","297","297","-473.6","-473.6","-473.6","297","297","297","-520.7","-520.7","-520.7"
"101","300","300","300","-482.8","-482.8","-482.8","300","300","300","-411.8","-411.8","-411.8"
"102","303","303","303","-503.1","-503.1","-503.1","303","303","303","-394.5","-394.5","-394.5"
"103","306","306","306","-466.1","-466.1","-466.1","306","306","306","-450.9","-450.9","-450.9"
"104","309","309","309","-487.6","-487.6","-487.6","309","309","309","-452.1","-452.1","-452.1"
"105","312","312","312","-469.1","-469.1","-469.1","312","312","312","-463","-463","-463"
"106","315","315","315","-452.9","-452.9","-452.9","315","315","315","-453.6","-453.6","-453.6"
"107","318","318","318","-485.3","-485.3","-485.3","318","318","318","-413","-413","-413"
"108","321","321","321","-407.2","-407.2","-407.2","321","321","321","-428.5","-428.5","-428.5"
"109","324","324","324","-503.6","-503.6","-503.6","324","324","324","-401.8","-401.8","-401.8"
"110","327","327","327","-461.3","-461.3","-461.3","327","327","327","-430.8","-430.8","-430.8"
"111","330","330","330","-452.9","-452.9","-452.9","330","330","330","-436.4","-436.4","-436.4"
"112","333","333","333","-437.7","-437.7","-437.7","333","333","333","-406","-406","-406"
"113","336","336","336","-548.4","-548.4","-548.4","336","336","336","-446.6","-446.6","-446.6"
"114","339","339","339","-448.8","-448.8","-448.8","339","339","339","-407","-407","-407"
"115","342","342","342","-528","-528","-528","342","342","342","-441.9","-441.9","-441.9"
"116","345","345","345","-412.2","-412.2","-412.2","345","345","345","-409.6","-409.6","-409.6"
"117","348","348","348","-457.1","-457.1","-457.1","348","348","348","-456.7","-456.7","-456.7"
"118","351","351","351","-494.5","-494.5","-494.5","351","351","351","-468.5","-468.5","-468.5"
"119","354","354","354","-469.2","-469.2","-469.2","354","354","354","-433.4","-433.4","-433.4"
"120","357","357","357","-410.5","-410.5","-410.5","357","357","357","-394.2","-394.2","-394.2"
"121","360","360","360","-386.2","-386.2","-386.2","360","360","360","-450.8","-450.8","-450.8"
"122","363","363","363","-407.9","-407.9","-407.9","363","363","363","-443.5","-443.5","-443.5"
"123","366","366","366","-470","-470","-470","366","366","366","-433.5","-433.5","-433.5"
"124","369","369","369","-423","-423","-423","369","369","369","-477.3","-477.3","-477.3"
"125","372","372","372","-431.3","-431.3","-431.3","372","372","372","-449.6","-449.6","-449.6"
"126","375","375","375","-420.5","-420.5","-420.5","375","375","375","-472.8","-472.8","-472.8"
"127","378","378","378","-465","-465","-465","378","378","378","-390","-390","-390"
"128","381","381","381","-454.5","-454.5","-454.5","381","381","381","-433","-433","-433"
"129","384","384","384","-459.3","-459.3","-459.3","384","384","384","-458.6","-458.6","-458.6"
"130","387","387","387","-393.9","-393.9","-393.9","387","387","387","-395.3","-395.3","-395.3"
"131","390","390","390","-479.8","-479.8","-479.8","390","390","390","-429.9","-429.9","-429.9"
"132","393","393","393","-474.6","-474.6","-474.6","393","393","393","-526.5","-526.5","-526.5"
"133","396","396","396","-553.9","-553.9","-553.9","396","396","396","-383.8","-383.8","-383.8"
"134","399","399","399","-486.8","-486.8","-486.8","399","399","399","-358.9","-358.9","-358.9"
"135","402","402","402","-421.5","-421.5","-421.5","402","402","402","-457.4","-457.4","-457.4"
"136","405","405","405","-454.8","-454.8","-454.8","405","405","405","-460.9","-460.9","-460.9"
"137","408","408","408","-408.4","-408.4","-408.4","408","408","408","-470.6","-470.6","-470.6"
"138","411","411","411","-467.1","-467.1","-467.1","411","411","411","-448.7","-448.7","-448.7"
"139","414","414","414","-481.4","-481.4","-481.4","414","414","414","-485","-485","-485"
"140","417","417","417","-409.5","-409.5","-409.5","417","417","417","-425.5","-425.5","-425.5"
"141","420","420","420","-410.4","-410.4","-410.4","420","420","420","-385.8","-385.8","-385.8"
"142","423","423","423","-483.6","-483.6","-483.6","423","423","423","-427.7","-427.7","-427.7"
"143","426","426","426","-435.1","-435.1","-435.1","426","426","426","-454","-454","-454"
"144","429","429","429","-413.8","-413.8","-413.8","429","429","429","-435","-435","-435"
"145","432","432","432","-365.2","-365.2","-365.2","432","432","432","-414.5","-414.5","-414.5"
"146","435","435","435","-486.8","-486.8","-486.8","435","435","435","-411.2","-411.2","-411.2"
"147","438","438","438","-447.1","-447.1","-447.1","438","438","438","-334.9","-334.9","-334.9"
"148","441","441","441","-412.6","-412.6","-412.6","441","441","441","-422.7","-422.7","-422.7"
"149","444","444","444","-506.2","-506.2","-506.2","444","444","444","-406.4","-406.4","-406.4"
"150","447","447","447","-424.1","-424.1","-424.1","447","447","447","-440.5","-440.5","-440.5"
"151","450","450","450","-405.9","-405.9","-405.9","450","450","450","-392.7","-392.7","-392.7"
"152","453","453","453","-411.9","-411.9","-411.9","453","453","453","-390.5","-390.5","-390.5"
"153","456","456","456","-435.7","-435.7","-435.7","456","456","456","-384.3","-384.3","-384.3"
"154","459","459","459","-444.6","-444.6","-444.6","459","459","459","-357.8","-357.8","-357.8"
"155","462","462","462","-475","-475","-475","462","462","462","-437.4","-437.4","-437.4"
"156","465","465","465","-474.9","-474.9","-474.9","465","465","465","-370.1","-370.1","-370.1"
"157","468","468","468","-414.6","-414.6","-414.6","468","468","468","-472.4","-472.4","-472.4"
"158","471","471","471","-450.3","-450.3","-450.3","471","471","471","-443.4","-443.4","-443.4"
"159","474","474","474","-412.3","-412.3","-412.3","474","474","474","-426.5","-426.5","-426.5"
"160","477","477","477","-407.2","-407.2","-407.2","477","477","477","-383.6","-383.6","-383.6"
"161","480","480","480","-467.8","-467.8","-467.8","480","480","480","-399.7","-399.7","-399.7"
"162","483","483","483","-473.9","-473.9","-473.9","483","483","483","-362.6","-362.6","-362.6"
"163","486","486","486","-379.6","-379.6","-379.6","486","486","486","-450.9","-450.9","-450.9"
"164","489","489","489","-376.6","-376.6","-376.6","489","489","489","-410.5","-410.5","-410.5"
"165","492","492","492","-460.5","-460.5","-460.5","492","492","492","-408.3","-408.3","-408.3"
"166","495","495","495","-461.9","-461.9","-461.9","495","495","495","-379.7","-379.7","-379.7"
"167","498","498","498","-410","-410","-410","498","498","498","-430.9","-430.9","-430.9"
"168","501","501","501","-414.3","-414.3","-414.3","501","501","501","-380.8","-380.8","-380.8"
"169","504","504","504","-422.4","-422.4","-422.4","504","504","504","-434.8","-434.8","-434.8"
"170","507","507","507","-510.9","-510.9","-510.9","507","507","507","-427.5","-427.5","-427.5"
"171","510","510","510","-407.6","-407.6","-407.6","510","510","510","-447.7","-447.7","-447.7"
"172","513","513","513","-414.5","-414.5","-414.5","513","513","513","-384.4","-384.4","-384.4"
"173","516","516","516","-491.6","-491.6","-491.6","516","516","516","-469.6","-469.6","-469.6"
"174","519","519","519","-373.6","-373.6","-373.6","519","519","519","-419.2","-419.2","-419.2"
"175","522","522","522","-416.7","-416.7","-416.7","522","522","522","-402.7","-402.7","-402.7"
"176","525","525","525","-437.9","-437.9","-437.9","525","525","525","-430.3","-430.3","-430.3"
"177","528","528","528","-467.8","-467.8","-467.8","528","528","528","-447.8","-447.8","-447.8"
"178","531","531","531","-385.8","-385.8","-385.8","531","531","531","-337","-337","-337"
"179","534","534","534","-444.8","-444.8","-444.8","534","534","534","-403.3","-403.3","-403.3"
"180","537","537","537","-430.6","-430.6","-430.6","537","537","537","-375.1","-375.1","-375.1"
"181","540","540","540","-444.4","-444.4","-444.4","540","540","540","-465.2","-465.2","-465.2"
"182","543","543","543","-413","-413","-413","543","543","543","-424.9","-424.9","-424.9"
"183","546","546","546","-418.7","-418.7","-418.7","546","546","546","-376.8","-376.8","-376.8"
"184","549","549","549","-497.9","-497.9","-497.9","549","549","549","-434.2","-434.2","-434.2"
"185","552","552","552","-457.4","-457.4","-457.4","552","552","552","-397.7","-397.7","-397.7"
"186","555","555","555","-369.2","-369.2","-369.2","555","555","555","-350.8","-350.8","-350.8"
"187","558","558","558","-449.6","-449.6","-449.6","558","558","558","-398.5","-398.5","-398.5"
"188","561","561","561","-428.9","-428.9","-428.9","561","561","561","-435.3","-435.3","-435.3"
"189","564","564","564","-430.8","-430.8","-430.8","564","564","564","-329.2","-329.2","-329.2"
"190","567","567","567","-459.9","-459.9","-459.9","567","567","567","-471.2","-471.2","-471.2"
"191","570","570","570","-395.8","-395.8","-395.8","570","570","570","-385","-385","-385"
"192","573","573","573","-488.1","-488.1","-488.1","573","573","573","-404","-404","-404"
"193","576","576","576","-386.9","-386.9","-386.9","576","576","576","-357.2","-357.2","-357.2"
"194","579","579","579","-468.6","-468.6","-468.6","579","579","579","-412.7","-412.7","-412.7"
"195","582","582","582","-480.3","-480.3","-480.3","582","582","582","-306.7","-306.7","-306.7"
"196","585","585","585","-416.8","-416.8","-416.8","585","585","585","-395.5","-395.5","-395.5"
"197","588","588","588","-431.4","-431.4","-431.4","588","588","588","-388","-388","-388"
"198","591","591","591","-432.5","-432.5","-432.5","591","591","591","-392.4","-392.4","-392.4"
"199","594","594","594","-385.3","-385.3","-385.3","594","594","594","-354.4","-354.4","-354.4"
"200","597","597","597","-414.9","-414.9","-414.9","597","597","597","-401.9","-401.9","-401.9"
"201","600","600","600","-395.8","-395.8","-395.8","600","600","600","-372.8","-372.8","-372.8"
"202","603","603","603","-445","-445","-445","603","603","603","-409.6","-409.6","-409.6"
"203","606","606","606","-469.3","-469.3","-469.3","606","606","606","-419.5","-419.5","-419.5"
"204","609","609","609","-403.2","-403.2","-403.2","609","609","609","-351.8","-351.8","-351.8"
"205","612","612","612","-385.6","-385.6","-385.6","612","612","612","-401.6","-401.6","-401.6"
"206","615","615","615","-366","-366","-366","615","615","615","-388.6","-388.6","-388.6"
"207","618","618","618","-401","-401","-401","618","618","618","-430.5","-430.5","-430.5"
"208","621","621","621","-441.7","-441.7","-441.7","621","621","621","-429.7","-429.7","-429.7"
"209","624","624","624","-438.1","-438.1","-438.1","624","624","624","-356.8","-356.8","-356.8"
"210","627","627","627","-411.5","-411.5","-411.5","627","627","627","-419.1","-419.1","-419.1"
"211","630","630","630","-472.9","-472.9","-472.9","630","630","630","-353.5","-353.5","-353.5"
"212","633","633","633","-415.6","-415.6","-415.6","633","633","633","-365","-365","-365"
"213","636","636","636","-355.7","-355.7","-355.7","636","636","636","-370.7","-370.7","-370.7"
"214","639","639","639","-378.9","-378.9","-378.9","639","639","639","-375","-375","-375"
"215","642","642","642","-408","-408","-408","642","642","642","-361.6","-361.6","-361.6"
"216","645","645","645","-431.1","-431.1","-431.1","645","645","645","-416.5","-416.5","-416.5"
"217","648","648","648","-366.2","-366.2","-366.2","648","648","648","-322.5","-322.5","-322.5"
"218","651","651","651","-387.6","-387.6","-387.6","651","651","651","-386","-386","-386"
"219","654","654","654","-425.9","-425.9","-425.9","654","654","654","-432.6","-432.6","-432.6"
"220","657","657","657","-377.6","-377.6","-377.6","657","657","657","-437.6","-437.6","-437.6"
"221","660","660","660","-412.1","-412.1","-412.1","660","660","660","-380.8","-380.8","-380.8"
"222","663","663","663","-424.5","-424.5","-424.5","663","663","663","-389.1","-389.1","-389.1"
"223","666","666","666","-417.8","-417.8","-417.8","666","666","666","-400.4","-400.4","-400.4"
"224","669","669","669","-431.3","-431.3","-431.3","669","669","669","-355.9","-355.9","-355.9"
"225","672","672","672","-395","-395","-395","672","672","672","-360","-360","-360"
"226","675","675","675","-383.6","-383.6","-383.6","675","675","675","-396.6","-396.6","-396.6"
"227","678","678","678","-390.6","-390.6","-390.6","678","678","678","-305.1","-305.1","-305.1"
"228","681","681","681","-399.6","-399.6","-399.6","681","681","681","-414","-414","-414"
"229","684","684","684","-427.6","-427.6","-427.6","684","684","684","-360.2","-360.2","-360.2"
"230","687","687","687","-343.1","-343.1","-343.1","687","687","687","-397.9","-397.9","-397.9"
"231","690","690","690","-403.4","-403.4","-403.4","690","690","690","-409.1","-409.1","-409.1"
"232","693","693","693","-369.1","-369.1","-369.1","693","693","693","-382.6","-382.6","-382.6"
"233","696","696","696","-412.6","-412.6","-412.6","696","696","696","-343.7","-343.7","-343.7"
"234","699","699","699","-380.9","-380.9","-380.9","699","699","699","-351.1","-351.1","-351.1"
"235","702","702","702","-443.3","-443.3","-443.3","702","702","702","-319.1","-319.1","-319.1"
"236","705","705","705","-381.7","-381.7","-381.7","705","705","705","-468.1","-468.1","-468.1"
"237","708","708","708","-403.1","-403.1","-403.1","708","708","708","-428.6","-428.6","-428.6"
"238","711","711","711","-369.7","-369.7","-369.7","711","711","711","-375.9","-375.9","-375.9"
"239","714","714","714","-407.9","-407.9","-407.9","714","714","714","-362.4","-362.4","-362.4"
"240","717","717","717","-368.2","-368.2","-368.2","717","717","717","-399","-399","-399"
"241","720","720","720","-375.3","-375.3","-375.3","720","720","720","-355.1","-355.1","-355.1"
"242","723","723","723","-370.3","-370.3","-370.3","723","723","723","-407.3","-407.3","-407.3"
"243","726","726","726","-409.3","-409.3","-409.3","726","726","726","-378.9","-378.9","-378.9"
"244","729","729","729","-398.3","-398.3","-398.3","729","729","729","-412.8","-412.8","-412.8"
"245","732","732","732","-414.9","-414.9","-414.9","732","732","732","-367.3","-367.3","-367.3"
"246","735","735","735","-412.5","-412.5","-412.5","735","735","735","-351.2","-351.2","-351.2"
"247","738","738","738","-419.6","-419.6","-419.6","738","738","738","-412.3","-412.3","-412.3"
"248","741","741","741","-398.9","-398.9","-398.9","741","741","741","-397","-397","-397"
"249","744","744","744","-409.1","-409.1","-409.1","744","744","744","-384.8","-384.8","-384.8"
"250","747","747","747","-399.8","-399.8","-399.8","747","747","747","-406.5","-406.5","-406.5"
"251","750","750","750","-433","-433","-433","750","750","750","-351.9","-351.9","-351.9"
"252","753","753","753","-460.7","-460.7","-460.7","753","753","753","-379.2","-379.2","-379.2"
"253","756","756","756","-359","-359","-359","756","756","756","-360.1","-360.1","-360.1"
"254","759","759","759","-483.5","-483.5","-483.5","759","759","759","-385","-385","-385"
"255","762","762","762","-428","-428","-428","762","762","762","-384.7","-384.7","-384.7"
"256","765","765","765","-362.2","-362.2","-362.2","765","765","765","-345.9","-345.9","-345.9"
"257","768","768","768","-431.3","-431.3","-431.3","768","768","768","-367.2","-367.2","-367.2"
"258","771","771","771","-384.3","-384.3","-384.3","771","771","771","-344.7","-344.7","-344.7"
"259","774","774","774","-423.6","-423.6","-423.6","774","774","774","-412.2","-412.2","-412.2"
"260","777","777","777","-393","-393","-393","777","777","777","-354.5","-354.5","-354.5"
"261","780","780","780","-382.7","-382.7","-382.7","780","780","780","-360.9","-360.9","-360.9"
"262","783","783","783","-373","-373","-373","783","783","783","-386","-386","-386"
"263","786","786","786","-452.2","-452.2","-452.2","786","786","786","-434.7","-434.7","-434.7"
"264","789","789","789","-360.3","-360.3","-360.3","789","789","789","-391.7","-391.7","-391.7"
"265","792","792","792","-387.1","-387.1","-387.1","792","792","792","-356.2","-356.2","-356.2"
"266","795","795","795","-339","-339","-339","795","795","795","-441.5","-441.5","-441.5"
"267","798","798","798","-437.7","-437.7","-437.7","798","798","798","-387.3","-387.3","-387.3"
"268","801","801","801","-357.1","-357.1","-357.1","801","801","801","-342.5","-342.5","-342.5"
"269","804","804","804","-409.9","-409.9","-409.9","804","804","804","-361.1","-361.1","-361.1"
"270","807","807","807","-420.8","-420.8","-420.8","807","807","807","-363.8","-363.8","-363.8"
"271","810","810","810","-373.9","-373.9","-373.9","810","810","810","-410.6","-410.6","-410.6"
"272","813","813","813","-433.2","-433.2","-433.2","813","813","813","-372","-372","-372"
"273","816","816","816","-334.6","-334.6","-334.6","816","816","816","-356.8","-356.8","-356.8"
"274","819","819","819","-398.5","-398.5","-398.5","819","819","819","-320.1","-320.1","-320.1"
"275","822","822","822","-424.6","-424.6","-424.6","822","822","822","-388.4","-388.4","-388.4"
"276","825","825","825","-423.8","-423.8","-423.8","825","825","825","-339.3","-339.3","-339.3"
"277","828","828","828","-445.7","-445.7","-445.7","828","828","828","-354.6","-354.6","-354.6"
"278","831","831","831","-356.9","-356.9","-356.9","831","831","831","-327.5","-327.5","-327.5"
"279","834","834","834","-420.7","-420.7","-420.7","834","834","834","-360","-360","-360"
"280","837","837","837","-391.9","-391.9","-391.9","837","837","837","-376.7","-376.7","-376.7"
"281","840","840","840","-392.7","-392.7","-392.7","840","840","840","-399.4","-399.4","-399.4"
"282","843","843","843","-336.1","-336.1","-336.1","843","843","843","-429.2","-429.2","-429.2"
"283","846","846","846","-377.9","-377.9","-377.9","846","846","846","-394.9","-394.9","-394.9"
"284","849","849","849","-390.1","-390.1","-390.1","849","849","849","-407.2","-407.2","-407.2"
"285","852","852","852","-371.3","-371.3","-371.3","852","852","852","-345.6","-345.6","-345.6"
"286","855","855","855","-418","-418","-418","855","855","855","-346","-346","-346"
"287","858","858","858","-369.9","-369.9","-369.9","858","858","858","-339","-339","-339"
"288","861","861","861","-349.3","-349.3","-349.3","861","861","861","-390.5","-390.5","-390.5"
"289","864","864","864","-378.8","-378.8","-378.8","864","864","864","-352","-352","-352"
"290","867","867","867","-412.4","-412.4","-412.4","867","867","867","-331.4","-331.4","-331.4"
"291","870","870","870","-401.5","-401.5","-401.5","870","870","870","-377.4","-377.4","-377.4"
"292","873","873","873","-349.5","-349.5","-349.5","873","873","873","-420.7","-420.7","-420.7"
"293","876","876","876","-373.1","-373.1","-373.1","876","876","876","-381.9","-381.9","-381.9"
"294","879","879","879","-370.3","-370.3","-370.3","879","879","879","-371.1","-371.1","-371.1"
"295","882","882","882","-447.2","-447.2","-447.2","882","882","882","-384.2","-384.2","-384.2"
"296","885","885","885","-397.7","-397.7","-397.7","885","885","885","-288.6","-288.6","-288.6"
"297","888","888","888","-378.2","-378.2","-378.2","888","888","888","-318.5","-318.5","-318.5"
"298","891","891","891","-369.8","-369.8","-369.8","891","891","891","-376.1","-376.1","-376.1"
"299","894","894","894","-363.4","-363.4","-363.4","894","894","894","-370.8","-370.8","-370.8"
"300","897","897","897","-366.5","-366.5","-366.5","897","897","897","-382.2","-382.2","-382.2"
"301","900","900","900","-386.5","-386.5","-386.5","900","900","900","-351.7","-351.7","-351.7"
"302","903","903","903","-367.4","-367.4","-367.4","903","903","903","-375.3","-375.3","-375.3"
"303","906","906","906","-358.1","-358.1","-358.1","906","906","906","-346.6","-346.6","-346.6"
"304","909","909","909","-418","-418","-418","909","909","909","-344.2","-344.2","-344.2"
"305","912","912","912","-383.6","-383.6","-383.6","912","912","912","-312","-312","-312"
"306","915","915","915","-344","-344","-344","915","915","915","-395.4","-395.4","-395.4"
"307","918","918","918","-412.5","-412.5","-412.5","918","918","918","-356","-356","-356"
"308","921","921","921","-364.1","-364.1","-364.1","921","921","921","-360.8","-360.8","-360.8"
"309","924","924","924","-436.7","-436.7","-436.7","924","924","924","-383.4","-383.4","-383.4"
"310","927","927","927","-360.1","-360.1","-360.1","927","927","927","-380.6","-380.6","-380.6"
"311","930","930","930","-400.3","-400.3","-400.3","930","930","930","-373.2","-373.2","-373.2"
"312","933","933","933","-406.1","-406.1","-406.1","933","933","933","-342.5","-342.5","-342.5"
"313","936","936","936","-410.3","-410.3","-410.3","936","936","936","-364.4","-364.4","-364.4"
"314","939","939","939","-449.2","-449.2","-449.2","939","939","939","-322.6","-322.6","-322.6"
"315","942","942","942","-307.6","-307.6","-307.6","942","942","942","-335.4","-335.4","-335.4"
"316","945","945","945","-416.7","-416.7","-416.7","945","945","945","-366.8","-366.8","-366.8"
"317","948","948","948","-397.3","-397.3","-397.3","948","948","948","-402.7","-402.7","-402.7"
"318","951","951","951","-347.1","-347.1","-347.1","951","951","951","-344.4","-344.4","-344.4"
"319","954","954","954","-392.9","-392.9","-392.9","954","954","954","-334.3","-334.3","-334.3"
"320","957","957","957","-393.9","-393.9","-393.9","957","957","957","-351.3","-351.3","-351.3"
"321","960","960","960","-406.4","-406.4","-406.4","960","960","960","-308","-308","-308"
"322","963","963","963","-378.9","-378.9","-378.9","963","963","963","-348.8","-348.8","-348.8"
"323","966","966","966","-364.1","-364.1","-364.1","966","966","966","-308.6","-308.6","-308.6"
"324","969","969","969","-400.4","-400.4","-400.4","969","969","969","-308.9","-308.9","-308.9"
"325","972","972","972","-406.9","-406.9","-406.9","972","972","972","-396","-396","-396"
"326","975","975","975","-369.2","-369.2","-369.2","975","975","975","-358.7","-358.7","-358.7"
"327","978","978","978","-454.8","-454.8","-454.8","978","978","978","-412.1","-412.1","-412.1"
"328","981","981","981","-428.8","-428.8","-428.8","981","981","981","-317","-317","-317"
"329","984","984","984","-406.3","-406.3","-406.3","984","984","984","-353.6","-353.6","-353.6"
"330","987","987","987","-421.4","-421.4","-421.4","987","987","987","-391.8","-391.8","-391.8"
"331","990","990","990","-372.7","-372.7","-372.7","990","990","990","-386.6","-386.6","-386.6"
"332","993","993","993","-348","-348","-348","993","993","993","-352.6","-352.6","-352.6"
"333","996","996","996","-391.8","-391.8","-391.8","996","996","996","-363.4","-363.4","-363.4"
"334","999","999","999","-400.5","-400.5","-400.5","999","999","999","-390.6","-390.6","-390.6"
"335","1002","1002","1002","-347.1","-347.1","-347.1","1002","1002","1002","-357.9","-357.9","-357.9"
"336","1005","1005","1005","-393.1","-393.1","-393.1","1005","1005","1005","-354.4","-354.4","-354.4"
"337","1008","1008","1008","-317.2","-317.2","-317.2","1008","1008","1008","-371.3","-371.3","-371.3"
"338","1011","1011","1011","-342.9","-342.9","-342.9","1011","1011","1011","-348.7","-348.7","-348.7"
"339","1014","1014","1014","-413.7","-413.7","-413.7","1014","1014","1014","-329.9","-329.9","-329.9"
"340","1017","1017","1017","-385.2","-385.2","-385.2","1017","1017","1017","-357.4","-357.4","-357.4"
"341","1020","1020","1020","-402.9","-402.9","-402.9","1020","1020","1020","-362.7","-362.7","-362.7"
"342","1023","1023","1023","-372.8","-372.8","-372.8","1023","1023","1023","-371.8","-371.8","-371.8"
"343","1026","1026","1026","-363.2","-363.2","-363.2","1026","1026","1026","-371.8","-371.8","-371.8"
"344","1029","1029","1029","-334.3","-334.3","-334.3","1029","1029","1029","-328.3","-328.3","-328.3"
"345","1032","1032","1032","-355.7","-355.7","-355.7","1032","1032","1032","-325.5","-325.5","-325.5"
"346","1035","1035","1035","-388.8","-388.8","-388.8","1035","1035","1035","-350.6","-350.6","-350.6"
"347","1038","1038","1038","-387.4","-387.4","-387.4","1038","1038","1038","-385.5","-385.5","-385.5"
"348","1041","1041","1041","-418.6","-418.6","-418.6","1041","1041","1041","-350.4","-350.4","-350.4"
"349","1044","1044","1044","-392.2","-392.2","-392.2","1044","1044","1044","-330.4","-330.4","-330.4"
"350","1047","1047","1047","-386.1","-386.1","-386.1","1047","1047","1047","-325.1","-325.1","-325.1"
"351","1050","1050","1050","-396.2","-396.2","-396.2","1050","1050","1050","-367.6","-367.6","-367.6"
"352","1053","1053","1053","-441.5","-441.5","-441.5","1053","1053","1053","-330","-330","-330"
"353","1056","1056","1056","-441","-441","-441","1056","1056","1056","-333.9","-333.9","-333.9"
"354","1059","1059","1059","-355.6","-355.6","-355.6","1059","1059","1059","-410.4","-410.4","-410.4"
"355","1062","1062","1062","-368.2","-368.2","-368.2","1062","1062","1062","-405.5","-405.5","-405.5"
"356","1065","1065","1065","-374","-374","-374","1065","1065","1065","-356.8","-356.8","-356.8"
"357","1068","1068","1068","-457.1","-457.1","-457.1","1068","1068","1068","-363.8","-363.8","-363.8"
"358","1071","1071","1071","-434.1","-434.1","-434.1","1071","1071","1071","-378.1","-378.1","-378.1"
"359","1074","1074","1074","-370.8","-370.8","-370.8","1074","1074","1074","-366.8","-366.8","-366.8"
"360","1077","1077","1077","-452","-452","-452","1077","1077","1077","-332.4","-332.4","-332.4"
"361","1080","1080","1080","-385.7","-385.7","-385.7","1080","1080","1080","-352.9","-352.9","-352.9"
"362","1083","1083","1083","-409.3","-409.3","-409.3","1083","1083","1083","-344.3","-344.3","-344.3"
"363","1086","1086","1086","-353.6","-353.6","-353.6","1086","1086","1086","-338.4","-338.4","-338.4"
"364","1089","1089","1089","-389.4","-389.4","-389.4","1089","1089","1089","-379.8","-379.8","-379.8"
"365","1092","1092","1092","-344.7","-344.7","-344.7","1092","1092","1092","-441.6","-441.6","-441.6"
"366","1095","1095","1095","-376.7","-376.7","-376.7","1095","1095","1095","-371.4","-371.4","-371.4"
"367","1098","1098","1098","-400.4","-400.4","-400.4","1098","1098","1098","-320.5","-320.5","-320.5"
"368","1101","1101","1101","-333.1","-333.1","-333.1","1101","1101","1101","-357.5","-357.5","-357.5"
"369","1104","1104","1104","-392.4","-392.4","-392.4","1104","1104","1104","-325.6","-325.6","-325.6"
"370","1107","1107","1107","-379.4","-379.4","-379.4","1107","1107","1107","-326","-326","-326"
"371","1110","1110","1110","-370.5","-370.5","-370.5","1110","1110","1110","-324.4","-324.4","-324.4"
"372","1113","1113","1113","-415.7","-415.7","-415.7","1113","1113","1113","-336.4","-336.4","-336.4"
"373","1116","1116","1116","-313.1","-313.1","-313.1","1116","1116","1116","-332","-332","-332"
"374","1119","1119","1119","-350.2","-350.2","-350.2","1119","1119","1119","-336.8","-336.8","-336.8"
"375","1122","1122","1122","-363.8","-363.8","-363.8","1122","1122","1122","-378.9","-378.9","-378.9"
"376","1125","1125","1125","-409.8","-409.8","-409.8","1125","1125","1125","-290.1","-290.1","-290.1"
"377","1128","1128","1128","-400.1","-400.1","-400.1","1128","1128","1128","-368.6","-368.6","-368.6"
"378","1131","1131","1131","-376.2","-376.2","-376.2","1131","1131","1131","-392.6","-392.6","-392.6"
"379","1134","1134","1134","-392.8","-392.8","-392.8","1134","1134","1134","-399.3","-399.3","-399.3"
"380","1137","1137","1137","-403.6","-403.6","-403.6","1137","1137","1137","-340.2","-340.2","-340.2"
"381","1140","1140","1140","-392.3","-392.3","-392.3","1140","1140","1140","-381.1","-381.1","-381.1"
"382","1143","1143","1143","-349.2","-349.2","-349.2","1143","1143","1143","-336","-336","-336"
"383","1146","1146","1146","-369.6","-369.6","-369.6","1146","1146","1146","-355.4","-355.4","-355.4"
"384","1149","1149","1149","-419.3","-419.3","-419.3","1149","1149","1149","-343.5","-343.5","-343.5"
"385","1152","1152","1152","-381.7","-381.7","-381.7","1152","1152","1152","-394.1","-394.1","-394.1"
"386","1155","1155","1155","-372.6","-372.6","-372.6","1155","1155","1155","-351.5","-351.5","-351.5"
"387","1158","1158","1158","-395","-395","-395","1158","1158","1158","-362.1","-362.1","-362.1"
"388","1161","1161","1161","-400.1","-400.1","-400.1","1161","1161","1161","-379.9","-379.9","-379.9"
"389","1164","1164","1164","-389.6","-389.6","-389.6","1164","1164","1164","-324.5","-324.5","-324.5"
"390","1167","1167","1167","-358.9","-358.9","-358.9","1167","1167","1167","-341.7","-341.7","-341.7"
"391","1170","1170","1170","-380.9","-380.9","-380.9","1170","1170","1170","-373.1","-373.1","-373.1"
"392","1173","1173","1173","-385.7","-385.7","-385.7","1173","1173","1173","-391.5","-391.5","-391.5"
"393","1176","1176","1176","-411.5","-411.5","-411.5","1176","1176","1176","-377.1","-377.1","-377.1"
"394","1179","1179","1179","-330.8","-330.8","-330.8","1179","1179","1179","-327.1","-327.1","-327.1"
"395","1182","1182","1182","-409.1","-409.1","-409.1","1182","1182","1182","-381.2","-381.2","-381.2"
"396","1185","1185","1185","-350.9","-350.9","-350.9","1185","1185","1185","-327.7","-327.7","-327.7"
"397","1188","1188","1188","-355.6","-355.6","-355.6","1188","1188","1188","-304.6","-304.6","-304.6"
"398","1191","1191","1191","-427.5","-427.5","-427.5","1191","1191","1191","-359.4","-359.4","-359.4"
"399","1194","1194","1194","-341.1","-341.1","-341.1","1194","1194","1194","-403.2","-403.2","-403.2"
"400","1197","1197","1197","-349.7","-349.7","-349.7","1197","1197","1197","-313.9","-313.9","-313.9"
"401","1200","1200","1200","-335.3","-335.3","-335.3","1200","1200","1200","-381.9","-381.9","-381.9"
"402","1203","1203","1203","-332.3","-332.3","-332.3","1203","1203","1203","-343.1","-343.1","-343.1"
"403","1206","1206","1206","-395.1","-395.1","-395.1","1206","1206","1206","-351.6","-351.6","-351.6"
"404","1209","1209","1209","-397.8","-397.8","-397.8","1209","1209","1209","-348","-348","-348"
"405","1212","1212","1212","-377.8","-377.8","-377.8","1212","1212","1212","-399.6","-399.6","-399.6"
"406","1215","1215","1215","-328.4","-328.4","-328.4","1215","1215","1215","-352.6","-352.6","-352.6"
"407","1218","1218","1218","-374.7","-374.7","-374.7","1218","1218","1218","-373","-373","-373"
"408","1221","1221","1221","-423.5","-423.5","-423.5","1221","1221","1221","-392.9","-392.9","-392.9"
"409","1224","1224","1224","-409.7","-409.7","-409.7","1224","1224","1224","-325.3","-325.3","-325.3"
"410","1227","1227","1227","-381.8","-381.8","-381.8","1227","1227","1227","-392.4","-392.4","-392.4"
"411","1230","1230","1230","-377.5","-377.5","-377.5","1230","1230","1230","-367.4","-367.4","-367.4"
"412","1233","1233","1233","-373.5","-373.5","-373.5","1233","1233","1233","-327.5","-327.5","-327.5"
"413","1236","1236","1236","-356.9","-356.9","-356.9","1236","1236","1236","-365.8","-365.8","-365.8"
"414","1239","1239","1239","-415.3","-415.3","-415.3","1239","1239","1239","-355.7","-355.7","-355.7"
"415","1242","1242","1242","-355.7","-355.7","-355.7","1242","1242","1242","-387.1","-387.1","-387.1"
"416","1245","1245","1245","-310.7","-310.7","-310.7","1245","1245","1245","-342.2","-342.2","-342.2"
"417","1248","1248","1248","-398.8","-398.8","-398.8","1248","1248","1248","-344.9","-344.9","-344.9"
"418","1251","1251","1251","-419.4","-419.4","-419.4","1251","1251","1251","-351.5","-351.5","-351.5"
"419","1254","1254","1254","-382.3","-382.3","-382.3","1254","1254","1254","-363.8","-363.8","-363.8"
"420","1257","1257","1257","-364.4","-364.4","-364.4","1257","1257","1257","-343.6","-343.6","-343.6"
"421","1260","1260","1260","-408.9","-408.9","-408.9","1260","1260","1260","-318.2","-318.2","-318.2"
"422","1263","1263","1263","-320.7","-320.7","-320.7","1263","1263","1263","-363.3","-363.3","-363.3"
"423","1266","1266","1266","-407.4","-407.4","-407.4","1266","1266","1266","-339.1","-339.1","-339.1"
"424","1269","1269","1269","-438.7","-438.7","-438.7","1269","1269","1269","-395.5","-395.5","-395.5"
"425","1272","1272","1272","-399.4","-399.4","-399.4","1272","1272","1272","-331.6","-331.6","-331.6"
"426","1275","1275","1275","-376.2","-376.2","-376.2","1275","1275","1275","-321.9","-321.9","-321.9"
"427","1278","1278","1278","-466.7","-466.7","-466.7","1278","1278","1278","-354.8","-354.8","-354.8"
"428","1281","1281","1281","-396.6","-396.6","-396.6","1281","1281","1281","-320.5","-320.5","-320.5"
"429","1284","1284","1284","-364.4","-364.4","-364.4","1284","1284","1284","-304.2","-304.2","-304.2"
"430","1287","1287","1287","-351.5","-351.5","-351.5","1287","1287","1287","-316.5","-316.5","-316.5"
"431","1290","1290","1290","-375.9","-375.9","-375.9","1290","1290","1290","-348.8","-348.8","-348.8"
"432","1293","1293","1293","-366.4","-366.4","-366.4","1293","1293","1293","-338.8","-338.8","-338.8"
"433","1296","1296","1296","-384.4","-384.4","-384.4","1296","1296","1296","-354","-354","-354"
"434","1299","1299","1299","-383.2","-383.2","-383.2","1299","1299","1299","-329.4","-329.4","-329.4"
"435","1302","1302","1302","-380.1","-380.1","-380.1","1302","1302","1302","-350.7","-350.7","-350.7"
"436","1305","1305","1305","-358.8","-358.8","-358.8","1305","1305","1305","-362.7","-362.7","-362.7"
"437","1308","1308","1308","-371.5","-371.5","-371.5","1308","1308","1308","-404","-404","-404"
"438","1311","1311","1311","-349.3","-349.3","-349.3","1311","1311","1311","-355.1","-355.1","-355.1"
"439","1314","1314","1314","-327.4","-327.4","-327.4","1314","1314","1314","-310.9","-310.9","-310.9"
"440","1317","1317","1317","-292.1","-292.1","-292.1","1317","1317","1317","-332.8","-332.8","-332.8"
"441","1320","1320","1320","-359","-359","-359","1320","1320","1320","-325.6","-325.6","-325.6"
"442","1323","1323","1323","-382","-382","-382","1323","1323","1323","-357.8","-357.8","-357.8"
"443","1326","1326","1326","-372.4","-372.4","-372.4","1326","1326","1326","-398.1","-398.1","-398.1"
"444","1329","1329","1329","-328.4","-328.4","-328.4","1329","1329","1329","-348.7","-348.7","-348.7"
"445","1332","1332","1332","-346.2","-346.2","-346.2","1332","1332","1332","-355.2","-355.2","-355.2"
"446","1335","1335","1335","-331.7","-331.7","-331.7","1335","1335","1335","-296.9","-296.9","-296.9"
"447","1338","1338","1338","-341.2","-341.2","-341.2","1338","1338","1338","-352.3","-352.3","-352.3"
"448","1341","1341","1341","-367.2","-367.2","-367.2","1341","1341","1341","-370","-370","-370"
"449","1344","1344","1344","-381.7","-381.7","-381.7","1344","1344","1344","-399.2","-399.2","-399.2"
"450","1347","1347","1347","-382.6","-382.6","-382.6","1347","1347","1347","-369.1","-369.1","-369.1"
"451","1350","1350","1350","-415","-415","-415","1350","1350","1350","-339.1","-339.1","-339.1"
"452","1353","1353","1353","-341.8","-341.8","-341.8","1353","1353","1353","-408.8","-408.8","-408.8"
"453","1356","1356","1356","-355.1","-355.1","-355.1","1356","1356","1356","-347","-347","-347"
"454","1359","1359","1359","-322.5","-322.5","-322.5","1359","1359","1359","-323.5","-323.5","-323.5"
"455","1362","1362","1362","-375.9","-375.9","-375.9","1362","1362","1362","-303","-303","-303"
"456","1365","1365","1365","-375.4","-375.4","-375.4","1365","1365","1365","-348.7","-348.7","-348.7"
"457","1368","1368","1368","-368.7","-368.7","-368.7","1368","1368","1368","-349.4","-349.4","-349.4"
"458","1371","1371","1371","-398.5","-398.5","-398.5","1371","1371","1371","-331","-331","-331"
"459","1374","1374","1374","-348.6","-348.6","-348.6","1374","1374","1374","-374","-374","-374"
"460","1377","1377","1377","-371.3","-371.3","-371.3","1377","1377","1377","-325","-325","-325"
"461","1380","1380","1380","-377.3","-377.3","-377.3","1380","1380","1380","-344","-344","-344"
"462","1383","1383","1383","-430","-430","-430","1383","1383","1383","-339","-339","-339"
"463","1386","1386","1386","-380.9","-380.9","-380.9","1386","1386","1386","-361.6","-361.6","-361.6"
"464","1389","1389","1389","-382.3","-382.3","-382.3","1389","1389","1389","-314.2","-314.2","-314.2"
"465","1392","1392","1392","-351.7","-351.7","-351.7","1392","1392","1392","-381.5","-381.5","-381.5"
"466","1395","1395","1395","-394.4","-394.4","-394.4","1395","1395","1395","-330.5","-330.5","-330.5"
"467","1398","1398","1398","-335.7","-335.7","-335.7","1398","1398","1398","-384.8","-384.8","-384.8"
"468","1401","1401","1401","-379.6","-379.6","-379.6","1401","1401","1401","-328.4","-328.4","-328.4"
"469","1404","1404","1404","-359.5","-359.5","-359.5","1404","1404","1404","-356.8","-356.8","-356.8"
"470","1407","1407","1407","-396.6","-396.6","-396.6","1407","1407","1407","-338.2","-338.2","-338.2"
"471","1410","1410","1410","-355.8","-355.8","-355.8","1410","1410","1410","-337.6","-337.6","-337.6"
"472","1413","1413","1413","-392.1","-392.1","-392.1","1413","1413","1413","-298.6","-298.6","-298.6"
"473","1416","1416","1416","-353.8","-353.8","-353.8","1416","1416","1416","-331.1","-331.1","-331.1"
"474","1419","1419","1419","-335.1","-335.1","-335.1","1419","1419","1419","-350.6","-350.6","-350.6"
"475","1422","1422","1422","-327","-327","-327","1422","1422","1422","-338.3","-338.3","-338.3"
"476","1425","1425","1425","-386.7","-386.7","-386.7","1425","1425","1425","-360.6","-360.6","-360.6"
"477","1428","1428","1428","-397.4","-397.4","-397.4","1428","1428","1428","-319.1","-319.1","-319.1"
"478","1431","1431","1431","-340.3","-340.3","-340.3","1431","1431","1431","-336","-336","-336"
"479","1434","1434","1434","-341.8","-341.8","-341.8","1434","1434","1434","-314.8","-314.8","-314.8"
"480","1437","1437","1437","-298.7","-298.7","-298.7","1437","1437","1437","-321.6","-321.6","-321.6"
"481","1440","1440","1440","-353.6","-353.6","-353.6","1440","1440","1440","-393.5","-393.5","-393.5"
"482","1443","1443","1443","-344.4","-344.4","-344.4","1443","1443","1443","-370.2","-370.2","-370.2"
"483","1446","1446","1446","-348.1","-348.1","-348.1","1446","1446","1446","-378.6","-378.6","-378.6"
"484","1449","1449","1449","-384.2","-384.2","-384.2","1449","1449","1449","-336.9","-336.9","-336.9"
"485","1452","1452","1452","-355.7","-355.7","-355.7","1452","1452","1452","-364.7","-364.7","-364.7"
"486","1455","1455","1455","-350.6","-350.6","-350.6","1455","1455","1455","-327.3","-327.3","-327.3"
"487","1458","1458","1458","-330.6","-330.6","-330.6","1458","1458","1458","-356.8","-356.8","-356.8"
"488","1461","1461","1461","-333.9","-333.9","-333.9","1461","1461","1461","-380","-380","-380"
"489","1464","1464","1464","-361","-361","-361","1464","1464","1464","-306.5","-306.5","-306.5"
"490","1467","1467","1467","-347.2","-347.2","-347.2","1467","1467","1467","-319.4","-319.4","-319.4"
"491","1470","1470","1470","-355","-355","-355","1470","1470","1470","-348.7","-348.7","-348.7"
"492","1473","1473","1473","-393.7","-393.7","-393.7","1473","1473","1473","-371.2","-371.2","-371.2"
"493","1476","1476","1476","-333.9","-333.9","-333.9","1476","1476","1476","-357.8","-357.8","-357.8"
"494","1479","1479","1479","-413","-413","-413","1479","1479","1479","-370.9","-370.9","-370.9"
"495","1482","1482","1482","-344.5","-344.5","-344.5","1482","1482","1482","-319.3","-319.3","-319.3"
"496","1485","1485","1485","-383.4","-383.4","-383.4","1485","1485","1485","-416.2","-416.2","-416.2"
"497","1488","1488","1488","-348.6","-348.6","-348.6","1488","1488","1488","-307.6","-307.6","-307.6"
"498","1491","1491","1491","-368.7","-368.7","-368.7","1491","1491","1491","-380.2","-380.2","-380.2"
"499","1494","1494","1494","-354.8","-354.8","-354.8","1494","1494","1494","-349","-349","-349"
"500","1497","1497","1497","-338.5","-338.5","-338.5","1497","1497","1497","-262.1","-262.1","-262.1"
"501","1500","1500","1500","-391.3","-391.3","-391.3","1500","1500","1500","-313.2","-313.2","-313.2"
"502","1503","1503","1503","-394.5","-394.5","-394.5","1503","1503","1503","-319.8","-319.8","-319.8"
"503","1506","1506","1506","-357.6","-357.6","-357.6","1506","1506","1506","-359.7","-359.7","-359.7"
"504","1509","1509","1509","-411.4","-411.4","-411.4","1509","1509","1509","-287.3","-287.3","-287.3"
"505","1512","1512","1512","-384.1","-384.1","-384.1","1512","1512","1512","-341.9","-341.9","-341.9"
"506","1515","1515","1515","-382.8","-382.8","-382.8","1515","1515","1515","-371.1","-371.1","-371.1"
"507","1518","1518","1518","-423.1","-423.1","-423.1","1518","1518","1518","-387.9","-387.9","-387.9"
"508","1521","1521","1521","-327","-327","-327","1521","1521","1521","-458.4","-458.4","-458.4"
"509","1524","1524","1524","-368.1","-368.1","-368.1","1524","1524","1524","-365.5","-365.5","-365.5"
"510","1527","1527","1527","-296.8","-296.8","-296.8","1527","1527","1527","-321.7","-321.7","-321.7"
"511","1530","1530","1530","-301.6","-301.6","-301.6","1530","1530","1530","-341.7","-341.7","-341.7"
"512","1533","1533","1533","-334","-334","-334","1533","1533","1533","-419.5","-419.5","-419.5"
"513","1536","1536","1536","-368.6","-368.6","-368.6","1536","1536","1536","-292","-292","-292"
"514","1539","1539","1539","-353.2","-353.2","-353.2","1539","1539","1539","-344.4","-344.4","-344.4"
"515","1542","1542","1542","-369","-369","-369","1542","1542","1542","-350.9","-350.9","-350.9"
"516","1545","1545","1545","-374.5","-374.5","-374.5","1545","1545","1545","-387.5","-387.5","-387.5"
"517","1548","1548","1548","-430.7","-430.7","-430.7","1548","1548","1548","-355","-355","-355"
"518","1551","1551","1551","-335.5","-335.5","-335.5","1551","1551","1551","-323.1","-323.1","-323.1"
"519","1554","1554","1554","-373.9","-373.9","-373.9","1554","1554","1554","-341.1","-341.1","-341.1"
"520","1557","1557","1557","-334.6","-334.6","-334.6","1557","1557","1557","-330.4","-330.4","-330.4"
"521","1560","1560","1560","-375.1","-375.1","-375.1","1560","1560","1560","-352.8","-352.8","-352.8"
"522","1563","1563","1563","-400.7","-400.7","-400.7","1563","1563","1563","-304.3","-304.3","-304.3"
"523","1566","1566","1566","-386.2","-386.2","-386.2","1566","1566","1566","-326.4","-326.4","-326.4"
"524","1569","1569","1569","-340.6","-340.6","-340.6","1569","1569","1569","-340.2","-340.2","-340.2"
"525","1572","1572","1572","-322.2","-322.2","-322.2","1572","1572","1572","-369.6","-369.6","-369.6"
"526","1575","1575","1575","-355.7","-355.7","-355.7","1575","1575","1575","-371.2","-371.2","-371.2"
"527","1578","1578","1578","-370.7","-370.7","-370.7","1578","1578","1578","-323.1","-323.1","-323.1"
"528","1581","1581","1581","-346.3","-346.3","-346.3","1581","1581","1581","-371.3","-371.3","-371.3"
"529","1584","1584","1584","-359.5","-359.5","-359.5","1584","1584","1584","-375.3","-375.3","-375.3"
"530","1587","1587","1587","-370.5","-370.5","-370.5","1587","1587","1587","-350.6","-350.6","-350.6"
"531","1590","1590","1590","-370.8","-370.8","-370.8","1590","1590","1590","-368.4","-368.4","-368.4"
"532","1593","1593","1593","-262.5","-262.5","-262.5","1593","1593","1593","-353.6","-353.6","-353.6"
"533","1596","1596","1596","-358.7","-358.7","-358.7","1596","1596","1596","-365.2","-365.2","-365.2"
"534","1599","1599","1599","-390","-390","-390","1599","1599","1599","-352.8","-352.8","-352.8"
"535","1602","1602","1602","-400.9","-400.9","-400.9","1602","1602","1602","-326.7","-326.7","-326.7"
"536","1605","1605","1605","-360.4","-360.4","-360.4","1605","1605","1605","-336.3","-336.3","-336.3"
"537","1608","1608","1608","-341.2","-341.2","-341.2","1608","1608","1608","-320.9","-320.9","-320.9"
"538","1611","1611","1611","-356.6","-356.6","-356.6","1611","1611","1611","-307.2","-307.2","-307.2"
"539","1614","1614","1614","-350.6","-350.6","-350.6","1614","1614","1614","-331.3","-331.3","-331.3"
"540","1617","1617","1617","-335","-335","-335","1617","1617","1617","-293.7","-293.7","-293.7"
"541","1620","1620","1620","-346.1","-346.1","-346.1","1620","1620","1620","-374.3","-374.3","-374.3"
"542","1623","1623","1623","-358.6","-358.6","-358.6","1623","1623","1623","-324.7","-324.7","-324.7"
"543","1626","1626","1626","-339.9","-339.9","-339.9","1626","1626","1626","-319.8","-319.8","-319.8"
"544","1629","1629","1629","-347.9","-347.9","-347.9","1629","1629","1629","-339.2","-339.2","-339.2"
"545","1632","1632","1632","-346.9","-346.9","-346.9","1632","1632","1632","-304.8","-304.8","-304.8"
"546","1635","1635","1635","-329.8","-329.8","-329.8","1635","1635","1635","-357.7","-357.7","-357.7"
"547","1638","1638","1638","-375.3","-375.3","-375.3","1638","1638","1638","-355.2","-355.2","-355.2"
"548","1641","1641","1641","-344","-344","-344","1641","1641","1641","-342.1","-342.1","-342.1"
"549","1644","1644","1644","-378.5","-378.5","-378.5","1644","1644","1644","-370.7","-370.7","-370.7"
"550","1647","1647","1647","-355.4","-355.4","-355.4","1647","1647","1647","-341.2","-341.2","-341.2"
"551","1650","1650","1650","-360.3","-360.3","-360.3","1650","1650","1650","-345.3","-345.3","-345.3"
"552","1653","1653","1653","-377.7","-377.7","-377.7","1653","1653","1653","-269.3","-269.3","-269.3"
"553","1656","1656","1656","-437.2","-437.2","-437.2","1656","1656","1656","-344.5","-344.5","-344.5"
"554","1659","1659","1659","-306.3","-306.3","-306.3","1659","1659","1659","-335.4","-335.4","-335.4"
"555","1662","1662","1662","-347.1","-347.1","-347.1","1662","1662","1662","-319.9","-319.9","-319.9"
"556","1665","1665","1665","-358.2","-358.2","-358.2","1665","1665","1665","-337.2","-337.2","-337.2"
"557","1668","1668","1668","-343.8","-343.8","-343.8","1668","1668","1668","-319.4","-319.4","-319.4"
"558","1671","1671","1671","-324.2","-324.2","-324.2","1671","1671","1671","-318.5","-318.5","-318.5"
"559","1674","1674","1674","-338.8","-338.8","-338.8","1674","1674","1674","-308.8","-308.8","-308.8"
"560","1677","1677","1677","-355.7","-355.7","-355.7","1677","1677","1677","-322.4","-322.4","-322.4"
"561","1680","1680","1680","-421.3","-421.3","-421.3","1680","1680","1680","-339.4","-339.4","-339.4"
"562","1683","1683","1683","-317.5","-317.5","-317.5","1683","1683","1683","-377.9","-377.9","-377.9"
"563","1686","1686","1686","-383.9","-383.9","-383.9","1686","1686","1686","-327.7","-327.7","-327.7"
"564","1689","1689","1689","-368.2","-368.2","-368.2","1689","1689","1689","-370.7","-370.7","-370.7"
"565","1692","1692","1692","-304.2","-304.2","-304.2","1692","1692","1692","-333","-333","-333"
"566","1695","1695","1695","-351","-351","-351","1695","1695","1695","-350.6","-350.6","-350.6"
"567","1698","1698","1698","-388.7","-388.7","-388.7","1698","1698","1698","-313.5","-313.5","-313.5"
"568","1701","1701","1701","-347.3","-347.3","-347.3","1701","1701","1701","-333.9","-333.9","-333.9"
"569","1704","1704","1704","-371.8","-371.8","-371.8","1704","1704","1704","-336.7","-336.7","-336.7"
"570","1707","1707","1707","-334.5","-334.5","-334.5","1707","1707","1707","-328.2","-328.2","-328.2"
"571","1710","1710","1710","-341.4","-341.4","-341.4","1710","1710","1710","-342.5","-342.5","-342.5"
"572","1713","1713","1713","-324.4","-324.4","-324.4","1713","1713","1713","-376.8","-376.8","-376.8"
"573","1716","1716","1716","-367.5","-367.5","-367.5","1716","1716","1716","-346.9","-346.9","-346.9"
"574","1719","1719","1719","-332.3","-332.3","-332.3","1719","1719","1719","-302.4","-302.4","-302.4"
"575","1722","1722","1722","-351.8","-351.8","-351.8","1722","1722","1722","-342.2","-342.2","-342.2"
"576","1725","1725","1725","-348","-348","-348","1725","1725","1725","-343.9","-343.9","-343.9"
"577","1728","1728","1728","-336.7","-336.7","-336.7","1728","1728","1728","-340.1","-340.1","-340.1"
"578","1731","1731","1731","-306.8","-306.8","-306.8","1731","1731","1731","-317.8","-317.8","-317.8"
"579","1734","1734","1734","-370.4","-370.4","-370.4","1734","1734","1734","-313.5","-313.5","-313.5"
"580","1737","1737","1737","-351.2","-351.2","-351.2","1737","1737","1737","-325.9","-325.9","-325.9"
"581","1740","1740","1740","-334.1","-334.1","-334.1","1740","1740","1740","-344.4","-344.4","-344.4"
"582","1743","1743","1743","-375.6","-375.6","-375.6","1743","1743","1743","-342.8","-342.8","-342.8"
"583","1746","1746","1746","-340.5","-340.5","-340.5","1746","1746","1746","-301.7","-301.7","-301.7"
"584","1749","1749","1749","-350.3","-350.3","-350.3","1749","1749","1749","-351.4","-351.4","-351.4"
"585","1752","1752","1752","-395.5","-395.5","-395.5","1752","1752","1752","-321.3","-321.3","-321.3"
"586","1755","1755","1755","-335.6","-335.6","-335.6","1755","1755","1755","-338.5","-338.5","-338.5"
"587","1758","1758","1758","-393.5","-393.5","-393.5","1758","1758","1758","-326.2","-326.2","-326.2"
"588","1761","1761","1761","-333.1","-333.1","-333.1","1761","1761","1761","-313.8","-313.8","-313.8"
"589","1764","1764","1764","-353.4","-353.4","-353.4","1764","1764","1764","-322.5","-322.5","-322.5"
"590","1767","1767","1767","-367.1","-367.1","-367.1","1767","1767","1767","-353","-353","-353"
"591","1770","1770","1770","-378.7","-378.7","-378.7","1770","1770","1770","-375.6","-375.6","-375.6"
"592","1773","1773","1773","-362.9","-362.9","-362.9","1773","1773","1773","-330.3","-330.3","-330.3"
"593","1776","1776","1776","-391","-391","-391","1776","1776","1776","-367.2","-367.2","-367.2"
"594","1779","1779","1779","-342.8","-342.8","-342.8","1779","1779","1779","-342.6","-342.6","-342.6"
"595","1782","1782","1782","-332.7","-332.7","-332.7","1782","1782","1782","-365.3","-365.3","-365.3"
"596","1785","1785","1785","-314","-314","-314","1785","1785","1785","-332.9","-332.9","-332.9"
"597","1788","1788","1788","-339","-339","-339","1788","1788","1788","-356.3","-356.3","-356.3"
"598","1791","1791","1791","-341.8","-341.8","-341.8","1791","1791","1791","-360.7","-360.7","-360.7"
"599","1794","1794","1794","-346.8","-346.8","-346.8","1794","1794","1794","-370","-370","-370"
"600","1797","1797","1797","-321.4","-321.4","-321.4","1797","1797","1797","-334.4","-334.4","-334.4"
"601","1800","1800","1800","-361","-361","-361","1800","1800","1800","-375.7","-375.7","-375.7"
"602","1803","1803","1803","-310.9","-310.9","-310.9","1803","1803","1803","-317.3","-317.3","-317.3"
"603","1806","1806","1806","-429","-429","-429","1806","1806","1806","-298","-298","-298"
"604","1809","1809","1809","-420.9","-420.9","-420.9","1809","1809","1809","-338.8","-338.8","-338.8"
"605","1812","1812","1812","-431.1","-431.1","-431.1","1812","1812","1812","-319.1","-319.1","-319.1"
"606","1815","1815","1815","-420.6","-420.6","-420.6","1815","1815","1815","-356.6","-356.6","-356.6"
"607","1818","1818","1818","-389.5","-389.5","-389.5","1818","1818","1818","-345.8","-345.8","-345.8"
"608","1821","1821","1821","-375.1","-375.1","-375.1","1821","1821","1821","-328.4","-328.4","-328.4"
"609","1824","1824","1824","-417.5","-417.5","-417.5","1824","1824","1824","-322.4","-322.4","-322.4"
"610","1827","1827","1827","-351","-351","-351","1827","1827","1827","-333.2","-333.2","-333.2"
"611","1830","1830","1830","-338.4","-338.4","-338.4","1830","1830","1830","-270.9","-270.9","-270.9"
"612","1833","1833","1833","-325.5","-325.5","-325.5","1833","1833","1833","-341.7","-341.7","-341.7"
"613","1836","1836","1836","-348.4","-348.4","-348.4","1836","1836","1836","-341","-341","-341"
"614","1839","1839","1839","-346.6","-346.6","-346.6","1839","1839","1839","-344.5","-344.5","-344.5"
"615","1842","1842","1842","-378.1","-378.1","-378.1","1842","1842","1842","-316.2","-316.2","-316.2"
"616","1845","1845","1845","-329.4","-329.4","-329.4","1845","1845","1845","-359.5","-359.5","-359.5"
"617","1848","1848","1848","-361.2","-361.2","-361.2","1848","1848","1848","-299.8","-299.8","-299.8"
"618","1851","1851","1851","-340.8","-340.8","-340.8","1851","1851","1851","-351.8","-351.8","-351.8"
"619","1854","1854","1854","-335.3","-335.3","-335.3","1854","1854","1854","-351.7","-351.7","-351.7"
"620","1857","1857","1857","-366.1","-366.1","-366.1","1857","1857","1857","-306.8","-306.8","-306.8"
"621","1860","1860","1860","-374.1","-374.1","-374.1","1860","1860","1860","-340.7","-340.7","-340.7"
"622","1863","1863","1863","-386.9","-386.9","-386.9","1863","1863","1863","-385.9","-385.9","-385.9"
"623","1866","1866","1866","-333.3","-333.3","-333.3","1866","1866","1866","-321.8","-321.8","-321.8"
"624","1869","1869","1869","-345.4","-345.4","-345.4","1869","1869","1869","-300.6","-300.6","-300.6"
"625","1872","1872","1872","-323.1","-323.1","-323.1","1872","1872","1872","-351.7","-351.7","-351.7"
"626","1875","1875","1875","-329.5","-329.5","-329.5","1875","1875","1875","-326","-326","-326"
"627","1878","1878","1878","-334.4","-334.4","-334.4","1878","1878","1878","-346.3","-346.3","-346.3"
"628","1881","1881","1881","-346.7","-346.7","-346.7","1881","1881","1881","-359.4","-359.4","-359.4"
"629","1884","1884","1884","-352","-352","-352","1884","1884","1884","-313.6","-313.6","-313.6"
"630","1887","1887","1887","-372","-372","-372","1887","1887","1887","-324.7","-324.7","-324.7"
"631","1890","1890","1890","-335.2","-335.2","-335.2","1890","1890","1890","-337.9","-337.9","-337.9"
"632","1893","1893","1893","-370","-370","-370","1893","1893","1893","-331.2","-331.2","-331.2"
"633","1896","1896","1896","-319","-319","-319","1896","1896","1896","-324.4","-324.4","-324.4"
"634","1899","1899","1899","-373.9","-373.9","-373.9","1899","1899","1899","-321.7","-321.7","-321.7"
"635","1902","1902","1902","-343.7","-343.7","-343.7","1902","1902","1902","-350.3","-350.3","-350.3"
"636","1905","1905","1905","-362","-362","-362","1905","1905","1905","-314.1","-314.1","-314.1"
"637","1908","1908","1908","-381.1","-381.1","-381.1","1908","1908","1908","-367.8","-367.8","-367.8"
"638","1911","1911","1911","-313.2","-313.2","-313.2","1911","1911","1911","-358.4","-358.4","-358.4"
"639","1914","1914","1914","-301.8","-301.8","-301.8","1914","1914","1914","-356.9","-356.9","-356.9"
"640","1917","1917","1917","-303.2","-303.2","-303.2","1917","1917","1917","-294.2","-294.2","-294.2"
"641","1920","1920","1920","-370","-370","-370","1920","1920","1920","-313.3","-313.3","-313.3"
"642","1923","1923","1923","-366.6","-366.6","-366.6","1923","1923","1923","-329","-329","-329"
"643","1926","1926","1926","-347.7","-347.7","-347.7","1926","1926","1926","-334","-334","-334"
"644","1929","1929","1929","-321","-321","-321","1929","1929","1929","-322.9","-322.9","-322.9"
"645","1932","1932","1932","-330.9","-330.9","-330.9","1932","1932","1932","-322.4","-322.4","-322.4"
"646","1935","1935","1935","-321.7","-321.7","-321.7","1935","1935","1935","-329.7","-329.7","-329.7"
"647","1938","1938","1938","-360.6","-360.6","-360.6","1938","1938","1938","-323.1","-323.1","-323.1"
"648","1941","1941","1941","-349.9","-349.9","-349.9","1941","1941","1941","-356.6","-356.6","-356.6"
"649","1944","1944","1944","-314.3","-314.3","-314.3","1944","1944","1944","-346.4","-346.4","-346.4"
"650","1947","1947","1947","-366.5","-366.5","-366.5","1947","1947","1947","-301.9","-301.9","-301.9"
"651","1950","1950","1950","-319.5","-319.5","-319.5","1950","1950","1950","-322.2","-322.2","-322.2"
"652","1953","1953","1953","-337.6","-337.6","-337.6","1953","1953","1953","-328.8","-328.8","-328.8"
"653","1956","1956","1956","-330.7","-330.7","-330.7","1956","1956","1956","-356.6","-356.6","-356.6"
"654","1959","1959","1959","-332.7","-332.7","-332.7","1959","1959","1959","-322.9","-322.9","-322.9"
"655","1962","1962","1962","-351.5","-351.5","-351.5","1962","1962","1962","-331.6","-331.6","-331.6"
"656","1965","1965","1965","-342.4","-342.4","-342.4","1965","1965","1965","-346.2","-346.2","-346.2"
"657","1968","1968","1968","-339.2","-339.2","-339.2","1968","1968","1968","-316.6","-316.6","-316.6"
"658","1971","1971","1971","-342.8","-342.8","-342.8","1971","1971","1971","-327.1","-327.1","-327.1"
"659","1974","1974","1974","-342","-342","-342","1974","1974","1974","-314.8","-314.8","-314.8"
"660","1977","1977","1977","-351.3","-351.3","-351.3","1977","1977","1977","-344","-344","-344"
"661","1980","1980","1980","-405.6","-405.6","-405.6","1980","1980","1980","-329.5","-329.5","-329.5"
"662","1983","1983","1983","-326","-326","-326","1983","1983","1983","-343.8","-343.8","-343.8"
"663","1986","1986","1986","-318.1","-318.1","-318.1","1986","1986","1986","-322.4","-322.4","-322.4"
"664","1989","1989","1989","-336","-336","-336","1989","1989","1989","-337.4","-337.4","-337.4"
"665","1992","1992","1992","-375.2","-375.2","-375.2","1992","1992","1992","-315.2","-315.2","-315.2"
"666","1995","1995","1995","-353.2","-353.2","-353.2","1995","1995","1995","-311.4","-311.4","-311.4"
"667","1998","1998","1998","-359.4","-359.4","-359.4","1998","1998","1998","-345.5","-345.5","-345.5"
"668","2001","2001","2001","-346","-346","-346","2001","2001","2001","-366.5","-366.5","-366.5"
"669","2004","2004","2004","-306.3","-306.3","-306.3","2004","2004","2004","-345.7","-345.7","-345.7"
"670","2007","2007","2007","-307.9","-307.9","-307.9","2007","2007","2007","-305.7","-305.7","-305.7"
"671","2010","2010","2010","-345.8","-345.8","-345.8","2010","2010","2010","-323.7","-323.7","-323.7"
"672","2013","2013","2013","-367.8","-367.8","-367.8","2013","2013","2013","-286.1","-286.1","-286.1"
"673","2016","2016","2016","-348.4","-348.4","-348.4","2016","2016","2016","-376.4","-376.4","-376.4"
"674","2019","2019","2019","-323.2","-323.2","-323.2","2019","2019","2019","-358.5","-358.5","-358.5"
"675","2022","2022","2022","-419.1","-419.1","-419.1","2022","2022","2022","-314.6","-314.6","-314.6"
"676","2025","2025","2025","-361.5","-361.5","-361.5","2025","2025","2025","-309","-309","-309"
"677","2028","2028","2028","-349.5","-349.5","-349.5","2028","2028","2028","-319.2","-319.2","-319.2"
"678","2031","2031","2031","-337.3","-337.3","-337.3","2031","2031","2031","-332.8","-332.8","-332.8"
"679","2034","2034","2034","-332.2","-332.2","-332.2","2034","2034","2034","-358.5","-358.5","-358.5"
"680","2037","2037","2037","-283.2","-283.2","-283.2","2037","2037","2037","-332.5","-332.5","-332.5"
"681","2040","2040","2040","-340.3","-340.3","-340.3","2040","2040","2040","-303.4","-303.4","-303.4"
"682","2043","2043","2043","-362.3","-362.3","-362.3","2043","2043","2043","-320.4","-320.4","-320.4"
"683","2046","2046","2046","-370.9","-370.9","-370.9","2046","2046","2046","-309.8","-309.8","-309.8"
"684","2049","2049","2049","-347.7","-347.7","-347.7","2049","2049","2049","-348.5","-348.5","-348.5"
"685","2052","2052","2052","-331.5","-331.5","-331.5","2052","2052","2052","-325.5","-325.5","-325.5"
"686","2055","2055","2055","-366.6","-366.6","-366.6","2055","2055","2055","-318.5","-318.5","-318.5"
"687","2058","2058","2058","-294.5","-294.5","-294.5","2058","2058","2058","-321.3","-321.3","-321.3"
"688","2061","2061","2061","-334","-334","-334","2061","2061","2061","-335.8","-335.8","-335.8"
"689","2064","2064","2064","-356.1","-356.1","-356.1","2064","2064","2064","-310.5","-310.5","-310.5"
"690","2067","2067","2067","-326.4","-326.4","-326.4","2067","2067","2067","-339.3","-339.3","-339.3"
"691","2070","2070","2070","-335.5","-335.5","-335.5","2070","2070","2070","-340.1","-340.1","-340.1"
"692","2073","2073","2073","-356.8","-356.8","-356.8","2073","2073","2073","-377.6","-377.6","-377.6"
"693","2076","2076","2076","-276.1","-276.1","-276.1","2076","2076","2076","-301.2","-301.2","-301.2"
"694","2079","2079","2079","-317.7","-317.7","-317.7","2079","2079","2079","-290.9","-290.9","-290.9"
"695","2082","2082","2082","-359","-359","-359","2082","2082","2082","-322.8","-322.8","-322.8"
"696","2085","2085","2085","-361","-361","-361","2085","2085","2085","-295.7","-295.7","-295.7"
"697","2088","2088","2088","-378.8","-378.8","-378.8","2088","2088","2088","-337.2","-337.2","-337.2"
"698","2091","2091","2091","-365.8","-365.8","-365.8","2091","2091","2091","-291","-291","-291"
"699","2094","2094","2094","-317.6","-317.6","-317.6","2094","2094","2094","-341.4","-341.4","-341.4"
"700","2097","2097","2097","-359.7","-359.7","-359.7","2097","2097","2097","-387.4","-387.4","-387.4"
"701","2100","2100","2100","-369.5","-369.5","-369.5","2100","2100","2100","-328.3","-328.3","-328.3"
"702","2103","2103","2103","-393.6","-393.6","-393.6","2103","2103","2103","-309.4","-309.4","-309.4"
"703","2106","2106","2106","-353.7","-353.7","-353.7","2106","2106","2106","-311.2","-311.2","-311.2"
"704","2109","2109","2109","-339.7","-339.7","-339.7","2109","2109","2109","-295.9","-295.9","-295.9"
"705","2112","2112","2112","-319.4","-319.4","-319.4","2112","2112","2112","-343.6","-343.6","-343.6"
"706","2115","2115","2115","-376.5","-376.5","-376.5","2115","2115","2115","-262.3","-262.3","-262.3"
"707","2118","2118","2118","-290.8","-290.8","-290.8","2118","2118","2118","-281.6","-281.6","-281.6"
"708","2121","2121","2121","-295.1","-295.1","-295.1","2121","2121","2121","-350.6","-350.6","-350.6"
"709","2124","2124","2124","-387.7","-387.7","-387.7","2124","2124","2124","-319.8","-319.8","-319.8"
"710","2127","2127","2127","-364.4","-364.4","-364.4","2127","2127","2127","-332.9","-332.9","-332.9"
"711","2130","2130","2130","-387.3","-387.3","-387.3","2130","2130","2130","-317.4","-317.4","-317.4"
"712","2133","2133","2133","-337.8","-337.8","-337.8","2133","2133","2133","-316.6","-316.6","-316.6"
"713","2136","2136","2136","-281.3","-281.3","-281.3","2136","2136","2136","-347.5","-347.5","-347.5"
"714","2139","2139","2139","-324.9","-324.9","-324.9","2139","2139","2139","-405.1","-405.1","-405.1"
"715","2142","2142","2142","-373.7","-373.7","-373.7","2142","2142","2142","-309.5","-309.5","-309.5"
"716","2145","2145","2145","-344.1","-344.1","-344.1","2145","2145","2145","-296.6","-296.6","-296.6"
"717","2148","2148","2148","-373","-373","-373","2148","2148","2148","-281.6","-281.6","-281.6"
"718","2151","2151","2151","-350.3","-350.3","-350.3","2151","2151","2151","-319.8","-319.8","-319.8"
"719","2154","2154","2154","-368.6","-368.6","-368.6","2154","2154","2154","-315.9","-315.9","-315.9"
"720","2157","2157","2157","-310.3","-310.3","-310.3","2157","2157","2157","-311.6","-311.6","-311.6"
"721","2160","2160","2160","-319.2","-319.2","-319.2","2160","2160","2160","-325.6","-325.6","-325.6"
"722","2163","2163","2163","-360.6","-360.6","-360.6","2163","2163","2163","-301.6","-301.6","-301.6"
"723","2166","2166","2166","-312.9","-312.9","-312.9","2166","2166","2166","-347.7","-347.7","-347.7"
"724","2169","2169","2169","-352.5","-352.5","-352.5","2169","2169","2169","-343","-343","-343"
"725","2172","2172","2172","-334.2","-334.2","-334.2","2172","2172","2172","-284","-284","-284"
"726","2175","2175","2175","-309.7","-309.7","-309.7","2175","2175","2175","-350.9","-350.9","-350.9"
"727","2178","2178","2178","-326.2","-326.2","-326.2","2178","2178","2178","-311","-311","-311"
"728","2181","2181","2181","-350.5","-350.5","-350.5","2181","2181","2181","-300","-300","-300"
"729","2184","2184","2184","-329.6","-329.6","-329.6","2184","2184","2184","-350.5","-350.5","-350.5"
"730","2187","2187","2187","-380.3","-380.3","-380.3","2187","2187","2187","-322","-322","-322"
"731","2190","2190","2190","-340.5","-340.5","-340.5","2190","2190","2190","-310.7","-310.7","-310.7"
"732","2193","2193","2193","-339.2","-339.2","-339.2","2193","2193","2193","-340.9","-340.9","-340.9"
"733","2196","2196","2196","-308.1","-308.1","-308.1","2196","2196","2196","-319.9","-319.9","-319.9"
"734","2199","2199","2199","-335.3","-335.3","-335.3","2199","2199","2199","-333.7","-333.7","-333.7"
"735","2202","2202","2202","-354.3","-354.3","-354.3","2202","2202","2202","-331.4","-331.4","-331.4"
"736","2205","2205","2205","-350.9","-350.9","-350.9","2205","2205","2205","-329.4","-329.4","-329.4"
"737","2208","2208","2208","-372.1","-372.1","-372.1","2208","2208","2208","-333.3","-333.3","-333.3"
"738","2211","2211","2211","-385.3","-385.3","-385.3","2211","2211","2211","-311.8","-311.8","-311.8"
"739","2214","2214","2214","-310.5","-310.5","-310.5","2214","2214","2214","-285.8","-285.8","-285.8"
"740","2217","2217","2217","-328.1","-328.1","-328.1","2217","2217","2217","-356.5","-356.5","-356.5"
"741","2220","2220","2220","-307.7","-307.7","-307.7","2220","2220","2220","-310.8","-310.8","-310.8"
"742","2223","2223","2223","-317.2","-317.2","-317.2","2223","2223","2223","-380","-380","-380"
"743","2226","2226","2226","-384.6","-384.6","-384.6","2226","2226","2226","-331.3","-331.3","-331.3"
"744","2229","2229","2229","-351.7","-351.7","-351.7","2229","2229","2229","-359.8","-359.8","-359.8"
"745","2232","2232","2232","-379.3","-379.3","-379.3","2232","2232","2232","-310.7","-310.7","-310.7"
"746","2235","2235","2235","-384.5","-384.5","-384.5","2235","2235","2235","-357.2","-357.2","-357.2"
"747","2238","2238","2238","-364.3","-364.3","-364.3","2238","2238","2238","-321.5","-321.5","-321.5"
"748","2241","2241","2241","-432.8","-432.8","-432.8","2241","2241","2241","-326.4","-326.4","-326.4"
"749","2244","2244","2244","-285.2","-285.2","-285.2","2244","2244","2244","-299.1","-299.1","-299.1"
"750","2247","2247","2247","-378.7","-378.7","-378.7","2247","2247","2247","-257.6","-257.6","-257.6"
"751","2250","2250","2250","-381.1","-381.1","-381.1","2250","2250","2250","-336","-336","-336"
"752","2253","2253","2253","-346.5","-346.5","-346.5","2253","2253","2253","-330.3","-330.3","-330.3"
"753","2256","2256","2256","-327.3","-327.3","-327.3","2256","2256","2256","-291.8","-291.8","-291.8"
"754","2259","2259","2259","-354.6","-354.6","-354.6","2259","2259","2259","-362.9","-362.9","-362.9"
"755","2262","2262","2262","-334.9","-334.9","-334.9","2262","2262","2262","-307.8","-307.8","-307.8"
"756","2265","2265","2265","-358.7","-358.7","-358.7","2265","2265","2265","-318.9","-318.9","-318.9"
"757","2268","2268","2268","-348.7","-348.7","-348.7","2268","2268","2268","-360.1","-360.1","-360.1"
"758","2271","2271","2271","-344.4","-344.4","-344.4","2271","2271","2271","-334.8","-334.8","-334.8"
"759","2274","2274","2274","-369.7","-369.7","-369.7","2274","2274","2274","-363.4","-363.4","-363.4"
"760","2277","2277","2277","-389.9","-389.9","-389.9","2277","2277","2277","-292","-292","-292"
"761","2280","2280","2280","-344.8","-344.8","-344.8","2280","2280","2280","-287.2","-287.2","-287.2"
"762","2283","2283","2283","-337.6","-337.6","-337.6","2283","2283","2283","-348.7","-348.7","-348.7"
"763","2286","2286","2286","-374.2","-374.2","-374.2","2286","2286","2286","-366.4","-366.4","-366.4"
"764","2289","2289","2289","-372.3","-372.3","-372.3","2289","2289","2289","-360.8","-360.8","-360.8"
"765","2292","2292","2292","-365.3","-365.3","-365.3","2292","2292","2292","-330.2","-330.2","-330.2"
"766","2295","2295","2295","-344.4","-344.4","-344.4","2295","2295","2295","-326.3","-326.3","-326.3"
"767","2298","2298","2298","-364.3","-364.3","-364.3","2298","2298","2298","-307.2","-307.2","-307.2"
"768","2301","2301","2301","-345.4","-345.4","-345.4","2301","2301","2301","-328","-328","-328"
"769","2304","2304","2304","-347.9","-347.9","-347.9","2304","2304","2304","-326.8","-326.8","-326.8"
"770","2307","2307","2307","-338.5","-338.5","-338.5","2307","2307","2307","-323.1","-323.1","-323.1"
"771","2310","2310","2310","-385.4","-385.4","-385.4","2310","2310","2310","-312.4","-312.4","-312.4"
"772","2313","2313","2313","-342.2","-342.2","-342.2","2313","2313","2313","-288.2","-288.2","-288.2"
"773","2316","2316","2316","-375.2","-375.2","-375.2","2316","2316","2316","-320.3","-320.3","-320.3"
"774","2319","2319","2319","-344.5","-344.5","-344.5","2319","2319","2319","-376.9","-376.9","-376.9"
"775","2322","2322","2322","-354.4","-354.4","-354.4","2322","2322","2322","-323.2","-323.2","-323.2"
"776","2325","2325","2325","-369.8","-369.8","-369.8","2325","2325","2325","-290.6","-290.6","-290.6"
"777","2328","2328","2328","-357","-357","-357","2328","2328","2328","-297.8","-297.8","-297.8"
"778","2331","2331","2331","-379.7","-379.7","-379.7","2331","2331","2331","-304.9","-304.9","-304.9"
"779","2334","2334","2334","-346.1","-346.1","-346.1","2334","2334","2334","-368.4","-368.4","-368.4"
"780","2337","2337","2337","-315.3","-315.3","-315.3","2337","2337","2337","-339.2","-339.2","-339.2"
"781","2340","2340","2340","-352.3","-352.3","-352.3","2340","2340","2340","-337.4","-337.4","-337.4"
"782","2343","2343","2343","-313","-313","-313","2343","2343","2343","-270","-270","-270"
"783","2346","2346","2346","-313.6","-313.6","-313.6","2346","2346","2346","-326","-326","-326"
"784","2349","2349","2349","-350","-350","-350","2349","2349","2349","-277.4","-277.4","-277.4"
"785","2352","2352","2352","-321.9","-321.9","-321.9","2352","2352","2352","-315.5","-315.5","-315.5"
"786","2355","2355","2355","-334.7","-334.7","-334.7","2355","2355","2355","-289.5","-289.5","-289.5"
"787","2358","2358","2358","-377.4","-377.4","-377.4","2358","2358","2358","-316.9","-316.9","-316.9"
"788","2361","2361","2361","-330","-330","-330","2361","2361","2361","-323.2","-323.2","-323.2"
"789","2364","2364","2364","-389.8","-389.8","-389.8","2364","2364","2364","-287","-287","-287"
"790","2367","2367","2367","-388.5","-388.5","-388.5","2367","2367","2367","-294.5","-294.5","-294.5"
"791","2370","2370","2370","-369","-369","-369","2370","2370","2370","-300.3","-300.3","-300.3"
"792","2373","2373","2373","-378.8","-378.8","-378.8","2373","2373","2373","-370.6","-370.6","-370.6"
"793","2376","2376","2376","-329","-329","-329","2376","2376","2376","-355.8","-355.8","-355.8"
"794","2379","2379","2379","-295.6","-295.6","-295.6","2379","2379","2379","-326.2","-326.2","-326.2"
"795","2382","2382","2382","-342","-342","-342","2382","2382","2382","-328.9","-328.9","-328.9"
"796","2385","2385","2385","-301.7","-301.7","-301.7","2385","2385","2385","-288.2","-288.2","-288.2"
"797","2388","2388","2388","-326.4","-326.4","-326.4","2388","2388","2388","-302.5","-302.5","-302.5"
"798","2391","2391","2391","-333.9","-333.9","-333.9","2391","2391","2391","-317.4","-317.4","-317.4"
"799","2394","2394","2394","-329.7","-329.7","-329.7","2394","2394","2394","-317.4","-317.4","-317.4"
"800","2397","2397","2397","-343.2","-343.2","-343.2","2397","2397","2397","-322.3","-322.3","-322.3"
"801","2400","2400","2400","-348","-348","-348","2400","2400","2400","-357.7","-357.7","-357.7"
"802","2403","2403","2403","-359.3","-359.3","-359.3","2403","2403","2403","-320.7","-320.7","-320.7"
"803","2406","2406","2406","-332.8","-332.8","-332.8","2406","2406","2406","-302.6","-302.6","-302.6"
"804","2409","2409","2409","-332.3","-332.3","-332.3","2409","2409","2409","-285.5","-285.5","-285.5"
"805","2412","2412","2412","-314.8","-314.8","-314.8","2412","2412","2412","-306.4","-306.4","-306.4"
"806","2415","2415","2415","-390.1","-390.1","-390.1","2415","2415","2415","-329.8","-329.8","-329.8"
"807","2418","2418","2418","-355.5","-355.5","-355.5","2418","2418","2418","-332.2","-332.2","-332.2"
"808","2421","2421","2421","-346.6","-346.6","-346.6","2421","2421","2421","-312.5","-312.5","-312.5"
"809","2424","2424","2424","-313.4","-313.4","-313.4","2424","2424","2424","-327.4","-327.4","-327.4"
"810","2427","2427","2427","-360.9","-360.9","-360.9","2427","2427","2427","-324.7","-324.7","-324.7"
"811","2430","2430","2430","-372.1","-372.1","-372.1","2430","2430","2430","-371.8","-371.8","-371.8"
"812","2433","2433","2433","-392.9","-392.9","-392.9","2433","2433","2433","-320.2","-320.2","-320.2"
"813","2436","2436","2436","-337.1","-337.1","-337.1","2436","2436","2436","-306.8","-306.8","-306.8"
"814","2439","2439","2439","-312.1","-312.1","-312.1","2439","2439","2439","-283.8","-283.8","-283.8"
"815","2442","2442","2442","-344.2","-344.2","-344.2","2442","2442","2442","-304.5","-304.5","-304.5"
"816","2445","2445","2445","-343.1","-343.1","-343.1","2445","2445","2445","-337.5","-337.5","-337.5"
"817","2448","2448","2448","-334.3","-334.3","-334.3","2448","2448","2448","-296.7","-296.7","-296.7"
"818","2451","2451","2451","-403","-403","-403","2451","2451","2451","-285.3","-285.3","-285.3"
"819","2454","2454","2454","-331.9","-331.9","-331.9","2454","2454","2454","-327.5","-327.5","-327.5"
"820","2457","2457","2457","-347.1","-347.1","-347.1","2457","2457","2457","-310.3","-310.3","-310.3"
"821","2460","2460","2460","-353.5","-353.5","-353.5","2460","2460","2460","-249.6","-249.6","-249.6"
"822","2463","2463","2463","-408","-408","-408","2463","2463","2463","-284","-284","-284"
"823","2466","2466","2466","-366.4","-366.4","-366.4","2466","2466","2466","-329.8","-329.8","-329.8"
"824","2469","2469","2469","-343.4","-343.4","-343.4","2469","2469","2469","-307.1","-307.1","-307.1"
"825","2472","2472","2472","-324","-324","-324","2472","2472","2472","-321.1","-321.1","-321.1"
"826","2475","2475","2475","-354","-354","-354","2475","2475","2475","-344.1","-344.1","-344.1"
"827","2478","2478","2478","-348.9","-348.9","-348.9","2478","2478","2478","-335","-335","-335"
"828","2481","2481","2481","-313.4","-313.4","-313.4","2481","2481","2481","-321.2","-321.2","-321.2"
"829","2484","2484","2484","-363.1","-363.1","-363.1","2484","2484","2484","-292.4","-292.4","-292.4"
"830","2487","2487","2487","-361.3","-361.3","-361.3","2487","2487","2487","-325","-325","-325"
"831","2490","2490","2490","-336.6","-336.6","-336.6","2490","2490","2490","-297.4","-297.4","-297.4"
"832","2493","2493","2493","-301.9","-301.9","-301.9","2493","2493","2493","-276.8","-276.8","-276.8"
"833","2496","2496","2496","-301.4","-301.4","-301.4","2496","2496","2496","-347.7","-347.7","-347.7"
"834","2499","2499","2499","-329.7","-329.7","-329.7","2499","2499","2499","-293.3","-293.3","-293.3"
"835","2502","2502","2502","-359.3","-359.3","-359.3","2502","2502","2502","-303.4","-303.4","-303.4"
"836","2505","2505","2505","-381.4","-381.4","-381.4","2505","2505","2505","-317.3","-317.3","-317.3"
"837","2508","2508","2508","-304.3","-304.3","-304.3","2508","2508","2508","-319.2","-319.2","-319.2"
"838","2511","2511","2511","-312.7","-312.7","-312.7","2511","2511","2511","-281.8","-281.8","-281.8"
"839","2514","2514","2514","-376.8","-376.8","-376.8","2514","2514","2514","-297.1","-297.1","-297.1"
"840","2517","2517","2517","-336.8","-336.8","-336.8","2517","2517","2517","-301.5","-301.5","-301.5"
"841","2520","2520","2520","-408.3","-408.3","-408.3","2520","2520","2520","-327.1","-327.1","-327.1"
"842","2523","2523","2523","-372.7","-372.7","-372.7","2523","2523","2523","-332.1","-332.1","-332.1"
"843","2526","2526","2526","-354","-354","-354","2526","2526","2526","-313.6","-313.6","-313.6"
"844","2529","2529","2529","-314.9","-314.9","-314.9","2529","2529","2529","-295.9","-295.9","-295.9"
"845","2532","2532","2532","-313.9","-313.9","-313.9","2532","2532","2532","-318.5","-318.5","-318.5"
"846","2535","2535","2535","-335.2","-335.2","-335.2","2535","2535","2535","-295.5","-295.5","-295.5"
"847","2538","2538","2538","-341.8","-341.8","-341.8","2538","2538","2538","-314","-314","-314"
"848","2541","2541","2541","-341.5","-341.5","-341.5","2541","2541","2541","-311.4","-311.4","-311.4"
"849","2544","2544","2544","-310.9","-310.9","-310.9","2544","2544","2544","-365","-365","-365"
"850","2547","2547","2547","-336.8","-336.8","-336.8","2547","2547","2547","-326.1","-326.1","-326.1"
"851","2550","2550","2550","-347.6","-347.6","-347.6","2550","2550","2550","-334.4","-334.4","-334.4"
"852","2553","2553","2553","-336.8","-336.8","-336.8","2553","2553","2553","-340.5","-340.5","-340.5"
"853","2556","2556","2556","-408.8","-408.8","-408.8","2556","2556","2556","-307.1","-307.1","-307.1"
"854","2559","2559","2559","-386.6","-386.6","-386.6","2559","2559","2559","-308.7","-308.7","-308.7"
"855","2562","2562","2562","-372.8","-372.8","-372.8","2562","2562","2562","-286.1","-286.1","-286.1"
"856","2565","2565","2565","-364.5","-364.5","-364.5","2565","2565","2565","-334","-334","-334"
"857","2568","2568","2568","-296","-296","-296","2568","2568","2568","-282.3","-282.3","-282.3"
"858","2571","2571","2571","-450.9","-450.9","-450.9","2571","2571","2571","-308.8","-308.8","-308.8"
"859","2574","2574","2574","-370.2","-370.2","-370.2","2574","2574","2574","-283.1","-283.1","-283.1"
"860","2577","2577","2577","-377.7","-377.7","-377.7","2577","2577","2577","-269.8","-269.8","-269.8"
"861","2580","2580","2580","-353.6","-353.6","-353.6","2580","2580","2580","-283.1","-283.1","-283.1"
"862","2583","2583","2583","-312.4","-312.4","-312.4","2583","2583","2583","-291.3","-291.3","-291.3"
"863","2586","2586","2586","-347.2","-347.2","-347.2","2586","2586","2586","-317.4","-317.4","-317.4"
"864","2589","2589","2589","-349.9","-349.9","-349.9","2589","2589","2589","-296.2","-296.2","-296.2"
"865","2592","2592","2592","-323.7","-323.7","-323.7","2592","2592","2592","-326.2","-326.2","-326.2"
"866","2595","2595","2595","-355.5","-355.5","-355.5","2595","2595","2595","-247.7","-247.7","-247.7"
"867","2598","2598","2598","-342.4","-342.4","-342.4","2598","2598","2598","-313.7","-313.7","-313.7"
"868","2601","2601","2601","-338.4","-338.4","-338.4","2601","2601","2601","-296.7","-296.7","-296.7"
"869","2604","2604","2604","-345.8","-345.8","-345.8","2604","2604","2604","-285.5","-285.5","-285.5"
"870","2607","2607","2607","-303.9","-303.9","-303.9","2607","2607","2607","-325.8","-325.8","-325.8"
"871","2610","2610","2610","-355.4","-355.4","-355.4","2610","2610","2610","-313.3","-313.3","-313.3"
"872","2613","2613","2613","-309.3","-309.3","-309.3","2613","2613","2613","-295.8","-295.8","-295.8"
"873","2616","2616","2616","-345.6","-345.6","-345.6","2616","2616","2616","-275","-275","-275"
"874","2619","2619","2619","-355.2","-355.2","-355.2","2619","2619","2619","-338.2","-338.2","-338.2"
"875","2622","2622","2622","-357","-357","-357","2622","2622","2622","-292.9","-292.9","-292.9"
"876","2625","2625","2625","-380.8","-380.8","-380.8","2625","2625","2625","-311.3","-311.3","-311.3"
"877","2628","2628","2628","-394.4","-394.4","-394.4","2628","2628","2628","-324.4","-324.4","-324.4"
"878","2631","2631","2631","-357.2","-357.2","-357.2","2631","2631","2631","-270.6","-270.6","-270.6"
"879","2634","2634","2634","-335.4","-335.4","-335.4","2634","2634","2634","-290.2","-290.2","-290.2"
"880","2637","2637","2637","-359.3","-359.3","-359.3","2637","2637","2637","-293.1","-293.1","-293.1"
"881","2640","2640","2640","-348.6","-348.6","-348.6","2640","2640","2640","-311","-311","-311"
"882","2643","2643","2643","-373.7","-373.7","-373.7","2643","2643","2643","-323.9","-323.9","-323.9"
"883","2646","2646","2646","-342.8","-342.8","-342.8","2646","2646","2646","-290","-290","-290"
"884","2649","2649","2649","-314.3","-314.3","-314.3","2649","2649","2649","-295.8","-295.8","-295.8"
"885","2652","2652","2652","-344.7","-344.7","-344.7","2652","2652","2652","-273.1","-273.1","-273.1"
"886","2655","2655","2655","-316.8","-316.8","-316.8","2655","2655","2655","-299.7","-299.7","-299.7"
"887","2658","2658","2658","-341.2","-341.2","-341.2","2658","2658","2658","-294.4","-294.4","-294.4"
"888","2661","2661","2661","-342","-342","-342","2661","2661","2661","-322.3","-322.3","-322.3"
"889","2664","2664","2664","-337.9","-337.9","-337.9","2664","2664","2664","-333.8","-333.8","-333.8"
"890","2667","2667","2667","-373.2","-373.2","-373.2","2667","2667","2667","-354.2","-354.2","-354.2"
"891","2670","2670","2670","-338.5","-338.5","-338.5","2670","2670","2670","-321.7","-321.7","-321.7"
"892","2673","2673","2673","-336.4","-336.4","-336.4","2673","2673","2673","-278.3","-278.3","-278.3"
"893","2676","2676","2676","-364.7","-364.7","-364.7","2676","2676","2676","-335.5","-335.5","-335.5"
"894","2679","2679","2679","-371.4","-371.4","-371.4","2679","2679","2679","-276.2","-276.2","-276.2"
"895","2682","2682","2682","-379.3","-379.3","-379.3","2682","2682","2682","-317.1","-317.1","-317.1"
"896","2685","2685","2685","-355.2","-355.2","-355.2","2685","2685","2685","-312","-312","-312"
"897","2688","2688","2688","-344.5","-344.5","-344.5","2688","2688","2688","-253.4","-253.4","-253.4"
"898","2691","2691","2691","-342","-342","-342","2691","2691","2691","-316.7","-316.7","-316.7"
"899","2694","2694","2694","-342.3","-342.3","-342.3","2694","2694","2694","-282.5","-282.5","-282.5"
"900","2697","2697","2697","-370.6","-370.6","-370.6","2697","2697","2697","-272.8","-272.8","-272.8"
"901","2700","2700","2700","-374.4","-374.4","-374.4","2700","2700","2700","-285.2","-285.2","-285.2"
"902","2703","2703","2703","-324.2","-324.2","-324.2","2703","2703","2703","-285.2","-285.2","-285.2"
"903","2706","2706","2706","-343.6","-343.6","-343.6","2706","2706","2706","-290.1","-290.1","-290.1"
"904","2709","2709","2709","-353.3","-353.3","-353.3","2709","2709","2709","-330.5","-330.5","-330.5"
"905","2712","2712","2712","-334.4","-334.4","-334.4","2712","2712","2712","-310.9","-310.9","-310.9"
"906","2715","2715","2715","-362.5","-362.5","-362.5","2715","2715","2715","-326.9","-326.9","-326.9"
"907","2718","2718","2718","-333.9","-333.9","-333.9","2718","2718","2718","-313.6","-313.6","-313.6"
"908","2721","2721","2721","-288.2","-288.2","-288.2","2721","2721","2721","-303.1","-303.1","-303.1"
"909","2724","2724","2724","-403.4","-403.4","-403.4","2724","2724","2724","-301.4","-301.4","-301.4"
"910","2727","2727","2727","-358.4","-358.4","-358.4","2727","2727","2727","-332.5","-332.5","-332.5"
"911","2730","2730","2730","-340.1","-340.1","-340.1","2730","2730","2730","-316.4","-316.4","-316.4"
"912","2733","2733","2733","-362.1","-362.1","-362.1","2733","2733","2733","-328","-328","-328"
"913","2736","2736","2736","-342.5","-342.5","-342.5","2736","2736","2736","-321","-321","-321"
"914","2739","2739","2739","-326.3","-326.3","-326.3","2739","2739","2739","-273.4","-273.4","-273.4"
"915","2742","2742","2742","-346.5","-346.5","-346.5","2742","2742","2742","-311.3","-311.3","-311.3"
"916","2745","2745","2745","-359.1","-359.1","-359.1","2745","2745","2745","-336.8","-336.8","-336.8"
"917","2748","2748","2748","-359.4","-359.4","-359.4","2748","2748","2748","-318.1","-318.1","-318.1"
"918","2751","2751","2751","-335.4","-335.4","-335.4","2751","2751","2751","-306.2","-306.2","-306.2"
"919","2754","2754","2754","-360","-360","-360","2754","2754","2754","-281.5","-281.5","-281.5"
"920","2757","2757","2757","-308.4","-308.4","-308.4","2757","2757","2757","-258","-258","-258"
"921","2760","2760","2760","-326.2","-326.2","-326.2","2760","2760","2760","-267.9","-267.9","-267.9"
"922","2763","2763","2763","-341.7","-341.7","-341.7","2763","2763","2763","-253","-253","-253"
"923","2766","2766","2766","-349.3","-349.3","-349.3","2766","2766","2766","-306.5","-306.5","-306.5"
"924","2769","2769","2769","-399.7","-399.7","-399.7","2769","2769","2769","-283.4","-283.4","-283.4"
"925","2772","2772","2772","-347.9","-347.9","-347.9","2772","2772","2772","-312.6","-312.6","-312.6"
"926","2775","2775","2775","-368.9","-368.9","-368.9","2775","2775","2775","-270","-270","-270"
"927","2778","2778","2778","-357.8","-357.8","-357.8","2778","2778","2778","-269.1","-269.1","-269.1"
"928","2781","2781","2781","-354.7","-354.7","-354.7","2781","2781","2781","-303.3","-303.3","-303.3"
"929","2784","2784","2784","-351.6","-351.6","-351.6","2784","2784","2784","-324.8","-324.8","-324.8"
"930","2787","2787","2787","-386.9","-386.9","-386.9","2787","2787","2787","-300","-300","-300"
"931","2790","2790","2790","-344.3","-344.3","-344.3","2790","2790","2790","-307.9","-307.9","-307.9"
"932","2793","2793","2793","-343.9","-343.9","-343.9","2793","2793","2793","-287.9","-287.9","-287.9"
"933","2796","2796","2796","-309.7","-309.7","-309.7","2796","2796","2796","-317","-317","-317"
"934","2799","2799","2799","-298.4","-298.4","-298.4","2799","2799","2799","-325.1","-325.1","-325.1"
"935","2802","2802","2802","-374.2","-374.2","-374.2","2802","2802","2802","-338.7","-338.7","-338.7"
"936","2805","2805","2805","-393.3","-393.3","-393.3","2805","2805","2805","-282.3","-282.3","-282.3"
"937","2808","2808","2808","-319.8","-319.8","-319.8","2808","2808","2808","-307.4","-307.4","-307.4"
"938","2811","2811","2811","-332.4","-332.4","-332.4","2811","2811","2811","-307.6","-307.6","-307.6"
"939","2814","2814","2814","-344.1","-344.1","-344.1","2814","2814","2814","-283.2","-283.2","-283.2"
"940","2817","2817","2817","-355","-355","-355","2817","2817","2817","-328.7","-328.7","-328.7"
"941","2820","2820","2820","-364.9","-364.9","-364.9","2820","2820","2820","-313.2","-313.2","-313.2"
"942","2823","2823","2823","-332","-332","-332","2823","2823","2823","-266.7","-266.7","-266.7"
"943","2826","2826","2826","-334.9","-334.9","-334.9","2826","2826","2826","-286.7","-286.7","-286.7"
"944","2829","2829","2829","-381.6","-381.6","-381.6","2829","2829","2829","-299","-299","-299"
"945","2832","2832","2832","-388.6","-388.6","-388.6","2832","2832","2832","-296.7","-296.7","-296.7"
"946","2835","2835","2835","-341","-341","-341","2835","2835","2835","-283.1","-283.1","-283.1"
"947","2838","2838","2838","-339","-339","-339","2838","2838","2838","-308","-308","-308"
"948","2841","2841","2841","-366.4","-366.4","-366.4","2841","2841","2841","-305.1","-305.1","-305.1"
"949","2844","2844","2844","-339.9","-339.9","-339.9","2844","2844","2844","-266.6","-266.6","-266.6"
"950","2847","2847","2847","-321.3","-321.3","-321.3","2847","2847","2847","-273.8","-273.8","-273.8"
"951","2850","2850","2850","-347.8","-347.8","-347.8","2850","2850","2850","-231.9","-231.9","-231.9"
"952","2853","2853","2853","-327.9","-327.9","-327.9","2853","2853","2853","-263.4","-263.4","-263.4"
"953","2856","2856","2856","-346.3","-346.3","-346.3","2856","2856","2856","-274.6","-274.6","-274.6"
"954","2859","2859","2859","-344.4","-344.4","-344.4","2859","2859","2859","-274.7","-274.7","-274.7"
"955","2862","2862","2862","-325.4","-325.4","-325.4","2862","2862","2862","-243.3","-243.3","-243.3"
"956","2865","2865","2865","-346.4","-346.4","-346.4","2865","2865","2865","-261.7","-261.7","-261.7"
"957","2868","2868","2868","-319.2","-319.2","-319.2","2868","2868","2868","-269.5","-269.5","-269.5"
"958","2871","2871","2871","-336","-336","-336","2871","2871","2871","-294.4","-294.4","-294.4"
"959","2874","2874","2874","-349.1","-349.1","-349.1","2874","2874","2874","-286.9","-286.9","-286.9"
"960","2877","2877","2877","-316.8","-316.8","-316.8","2877","2877","2877","-277.9","-277.9","-277.9"
"961","2880","2880","2880","-352.4","-352.4","-352.4","2880","2880","2880","-303.3","-303.3","-303.3"
"962","2883","2883","2883","-337.7","-337.7","-337.7","2883","2883","2883","-274.9","-274.9","-274.9"
"963","2886","2886","2886","-323.5","-323.5","-323.5","2886","2886","2886","-269.5","-269.5","-269.5"
"964","2889","2889","2889","-340.6","-340.6","-340.6","2889","2889","2889","-269.6","-269.6","-269.6"
"965","2892","2892","2892","-346.2","-346.2","-346.2","2892","2892","2892","-273.7","-273.7","-273.7"
"966","2895","2895","2895","-325.2","-325.2","-325.2","2895","2895","2895","-273.4","-273.4","-273.4"
"967","2898","2898","2898","-386.6","-386.6","-386.6","2898","2898","2898","-258.1","-258.1","-258.1"
"968","2901","2901","2901","-371.3","-371.3","-371.3","2901","2901","2901","-287.8","-287.8","-287.8"
"969","2904","2904","2904","-295","-295","-295","2904","2904","2904","-274.6","-274.6","-274.6"
"970","2907","2907","2907","-320.2","-320.2","-320.2","2907","2907","2907","-324.2","-324.2","-324.2"
"971","2910","2910","2910","-343.9","-343.9","-343.9","2910","2910","2910","-284.3","-284.3","-284.3"
"972","2913","2913","2913","-337.4","-337.4","-337.4","2913","2913","2913","-273.7","-273.7","-273.7"
"973","2916","2916","2916","-311.8","-311.8","-311.8","2916","2916","2916","-269.4","-269.4","-269.4"
"974","2919","2919","2919","-322.5","-322.5","-322.5","2919","2919","2919","-304.6","-304.6","-304.6"
"975","2922","2922","2922","-333.4","-333.4","-333.4","2922","2922","2922","-312.6","-312.6","-312.6"
"976","2925","2925","2925","-335.8","-335.8","-335.8","2925","2925","2925","-307.5","-307.5","-307.5"
"977","2928","2928","2928","-305.2","-305.2","-305.2","2928","2928","2928","-260.4","-260.4","-260.4"
"978","2931","2931","2931","-318.1","-318.1","-318.1","2931","2931","2931","-365.7","-365.7","-365.7"
"979","2934","2934","2934","-291.3","-291.3","-291.3","2934","2934","2934","-250.3","-250.3","-250.3"
"980","2937","2937","2937","-328.3","-328.3","-328.3","2937","2937","2937","-301.5","-301.5","-301.5"
"981","2940","2940","2940","-341.1","-341.1","-341.1","2940","2940","2940","-292.7","-292.7","-292.7"
"982","2943","2943","2943","-322.3","-322.3","-322.3","2943","2943","2943","-345.3","-345.3","-345.3"
"983","2946","2946","2946","-313.2","-313.2","-313.2","2946","2946","2946","-346.3","-346.3","-346.3"
"984","2949","2949","2949","-316.3","-316.3","-316.3","2949","2949","2949","-312.4","-312.4","-312.4"
"985","2952","2952","2952","-308","-308","-308","2952","2952","2952","-304.1","-304.1","-304.1"
"986","2955","2955","2955","-346.3","-346.3","-346.3","2955","2955","2955","-350.2","-350.2","-350.2"
"987","2958","2958","2958","-368.7","-368.7","-368.7","2958","2958","2958","-318","-318","-318"
"988","2961","2961","2961","-323.1","-323.1","-323.1","2961","2961","2961","-271.5","-271.5","-271.5"
"989","2964","2964","2964","-376.9","-376.9","-376.9","2964","2964","2964","-340.5","-340.5","-340.5"
"990","2967","2967","2967","-345","-345","-345","2967","2967","2967","-328","-328","-328"
"991","2970","2970","2970","-326.3","-326.3","-326.3","2970","2970","2970","-293.2","-293.2","-293.2"
"992","2973","2973","2973","-363.8","-363.8","-363.8","2973","2973","2973","-300.7","-300.7","-300.7"
"993","2976","2976","2976","-277.7","-277.7","-277.7","2976","2976","2976","-264.2","-264.2","-264.2"
"994","2979","2979","2979","-297","-297","-297","2979","2979","2979","-310.5","-310.5","-310.5"
"995","2982","2982","2982","-372.7","-372.7","-372.7","2982","2982","2982","-292.1","-292.1","-292.1"
"996","2985","2985","2985","-355.3","-355.3","-355.3","2985","2985","2985","-343.7","-343.7","-343.7"
"997","2988","2988","2988","-379.6","-379.6","-379.6","2988","2988","2988","-300.1","-300.1","-300.1"
"998","2991","2991","2991","-391.5","-391.5","-391.5","2991","2991","2991","-274.4","-274.4","-274.4"
"999","2994","2994","2994","-353.3","-353.3","-353.3","2994","2994","2994","-250.4","-250.4","-250.4"
"1000","2997","2997","2997","-363.5","-363.5","-363.5","2997","2997","2997","-310.4","-310.4","-310.4"