epoch,mpe-large-spread-v3_teamcomm_no_mFalse_vFalse_vib - episode_return,mpe-large-spread-v3_teamcomm_no_mFalse_vFalse_vib - episode_return__MIN,mpe-large-spread-v3_teamcomm_no_mFalse_vFalse_vib - episode_return__MAX,mpe-large-spread-v3_teamcomm_no_mFalse_vTrue_vib - episode_return,mpe-large-spread-v3_teamcomm_no_mFalse_vTrue_vib - episode_return__MIN,mpe-large-spread-v3_teamcomm_no_mFalse_vTrue_vib - episode_return__MAX
1,-683.3,-683.3,-683.3,-723.1,-723.1,-723.1
2,-734.5,-734.5,-734.5,-726.4,-726.4,-726.4
3,-739.9,-739.9,-739.9,-826.7,-826.7,-826.7
4,-698.7,-698.7,-698.7,-793.8,-793.8,-793.8
5,-766.2,-766.2,-766.2,-703.3,-703.3,-703.3
6,-668,-668,-668,-795.1,-795.1,-795.1
7,-796.6,-796.6,-796.6,-642.6,-642.6,-642.6
8,-690.5,-690.5,-690.5,-752.6,-752.6,-752.6
9,-721.6,-721.6,-721.6,-751,-751,-751
10,-710.5,-710.5,-710.5,-757.7,-757.7,-757.7
11,-740.7,-740.7,-740.7,-707.4,-707.4,-707.4
12,-766.2,-766.2,-766.2,-717.3,-717.3,-717.3
13,-738.2,-738.2,-738.2,-730.1,-730.1,-730.1
14,-639.9,-639.9,-639.9,-649.4,-649.4,-649.4
15,-755.2,-755.2,-755.2,-769.7,-769.7,-769.7
16,-719.1,-719.1,-719.1,-679.9,-679.9,-679.9
17,-700.2,-700.2,-700.2,-709.6,-709.6,-709.6
18,-707.9,-707.9,-707.9,-638.2,-638.2,-638.2
19,-770.6,-770.6,-770.6,-758.2,-758.2,-758.2
20,-702.4,-702.4,-702.4,-694.6,-694.6,-694.6
21,-755.3,-755.3,-755.3,-777.4,-777.4,-777.4
22,-665.2,-665.2,-665.2,-698.9,-698.9,-698.9
23,-721.3,-721.3,-721.3,-650.2,-650.2,-650.2
24,-738.7,-738.7,-738.7,-703.6,-703.6,-703.6
25,-740.3,-740.3,-740.3,-690.7,-690.7,-690.7
26,-665.9,-665.9,-665.9,-722.3,-722.3,-722.3
27,-663.3,-663.3,-663.3,-841.2,-841.2,-841.2
28,-737.7,-737.7,-737.7,-737.2,-737.2,-737.2
29,-620,-620,-620,-639.4,-639.4,-639.4
30,-659.4,-659.4,-659.4,-614.3,-614.3,-614.3
31,-751.6,-751.6,-751.6,-708.5,-708.5,-708.5
32,-773.3,-773.3,-773.3,-728.9,-728.9,-728.9
33,-685.7,-685.7,-685.7,-705.9,-705.9,-705.9
34,-701.1,-701.1,-701.1,-682.4,-682.4,-682.4
35,-728.4,-728.4,-728.4,-776.9,-776.9,-776.9
36,-654.7,-654.7,-654.7,-708.2,-708.2,-708.2
37,-723.5,-723.5,-723.5,-709.7,-709.7,-709.7
38,-729.7,-729.7,-729.7,-665.9,-665.9,-665.9
39,-673.4,-673.4,-673.4,-704.5,-704.5,-704.5
40,-751.2,-751.2,-751.2,-783.2,-783.2,-783.2
41,-783.5,-783.5,-783.5,-637.1,-637.1,-637.1
42,-718.9,-718.9,-718.9,-647.1,-647.1,-647.1
43,-714.6,-714.6,-714.6,-535.9,-535.9,-535.9
44,-750.8,-750.8,-750.8,-698.7,-698.7,-698.7
45,-695,-695,-695,-765.8,-765.8,-765.8
46,-718.8,-718.8,-718.8,-767.9,-767.9,-767.9
47,-694.2,-694.2,-694.2,-714.5,-714.5,-714.5
48,-702.9,-702.9,-702.9,-723.9,-723.9,-723.9
49,-665.5,-665.5,-665.5,-716.5,-716.5,-716.5
50,-703.2,-703.2,-703.2,-652.2,-652.2,-652.2
51,-752.8,-752.8,-752.8,-660.3,-660.3,-660.3
52,-692,-692,-692,-756.3,-756.3,-756.3
53,-721.4,-721.4,-721.4,-668.6,-668.6,-668.6
54,-682.2,-682.2,-682.2,-660.8,-660.8,-660.8
55,-672.4,-672.4,-672.4,-683.4,-683.4,-683.4
56,-752.3,-752.3,-752.3,-701.1,-701.1,-701.1
57,-656.4,-656.4,-656.4,-670.8,-670.8,-670.8
58,-760.4,-760.4,-760.4,-736.2,-736.2,-736.2
59,-737.3,-737.3,-737.3,-631.8,-631.8,-631.8
60,-748.9,-748.9,-748.9,-689.6,-689.6,-689.6
61,-688.4,-688.4,-688.4,-684.1,-684.1,-684.1
62,-641.6,-641.6,-641.6,-752.4,-752.4,-752.4
63,-662.7,-662.7,-662.7,-701.3,-701.3,-701.3
64,-724.1,-724.1,-724.1,-666.6,-666.6,-666.6
65,-736.3,-736.3,-736.3,-674.6,-674.6,-674.6
66,-768.3,-768.3,-768.3,-621.6,-621.6,-621.6
67,-672.1,-672.1,-672.1,-720.6,-720.6,-720.6
68,-738.3,-738.3,-738.3,-606.5,-606.5,-606.5
69,-770.9,-770.9,-770.9,-698.3,-698.3,-698.3
70,-776.9,-776.9,-776.9,-668.8,-668.8,-668.8
71,-716.8,-716.8,-716.8,-633.9,-633.9,-633.9
72,-712.4,-712.4,-712.4,-654.3,-654.3,-654.3
73,-739.5,-739.5,-739.5,-676.7,-676.7,-676.7
74,-763,-763,-763,-641.5,-641.5,-641.5
75,-683.6,-683.6,-683.6,-620.5,-620.5,-620.5
76,-734.3,-734.3,-734.3,-727.8,-727.8,-727.8
77,-713.8,-713.8,-713.8,-647.8,-647.8,-647.8
78,-720.4,-720.4,-720.4,-666.7,-666.7,-666.7
79,-646.3,-646.3,-646.3,-615.7,-615.7,-615.7
80,-723.8,-723.8,-723.8,-590.9,-590.9,-590.9
81,-687.7,-687.7,-687.7,-653.2,-653.2,-653.2
82,-761.6,-761.6,-761.6,-715.1,-715.1,-715.1
83,-711.3,-711.3,-711.3,-702.2,-702.2,-702.2
84,-699.2,-699.2,-699.2,-593.9,-593.9,-593.9
85,-821.8,-821.8,-821.8,-645.8,-645.8,-645.8
86,-712,-712,-712,-665.2,-665.2,-665.2
87,-823.7,-823.7,-823.7,-623,-623,-623
88,-709.1,-709.1,-709.1,-634.7,-634.7,-634.7
89,-726.7,-726.7,-726.7,-673.7,-673.7,-673.7
90,-683.7,-683.7,-683.7,-674.2,-674.2,-674.2
91,-705.9,-705.9,-705.9,-625.2,-625.2,-625.2
92,-699.1,-699.1,-699.1,-657.7,-657.7,-657.7
93,-717.4,-717.4,-717.4,-579.6,-579.6,-579.6
94,-724,-724,-724,-692.5,-692.5,-692.5
95,-753.4,-753.4,-753.4,-619.4,-619.4,-619.4
96,-669.5,-669.5,-669.5,-624.7,-624.7,-624.7
97,-699.2,-699.2,-699.2,-677.2,-677.2,-677.2
98,-714.5,-714.5,-714.5,-642.9,-642.9,-642.9
99,-668.3,-668.3,-668.3,-657.2,-657.2,-657.2
100,-681.4,-681.4,-681.4,-667.3,-667.3,-667.3
101,-622.7,-622.7,-622.7,-671.1,-671.1,-671.1
102,-730.5,-730.5,-730.5,-567.2,-567.2,-567.2
103,-655.5,-655.5,-655.5,-614.2,-614.2,-614.2
104,-682.2,-682.2,-682.2,-709.7,-709.7,-709.7
105,-704.8,-704.8,-704.8,-679.8,-679.8,-679.8
106,-680.2,-680.2,-680.2,-663.9,-663.9,-663.9
107,-702.4,-702.4,-702.4,-610.6,-610.6,-610.6
108,-709.3,-709.3,-709.3,-606.4,-606.4,-606.4
109,-726.2,-726.2,-726.2,-615.6,-615.6,-615.6
110,-737.9,-737.9,-737.9,-631.9,-631.9,-631.9
111,-732.5,-732.5,-732.5,-725.9,-725.9,-725.9
112,-699.8,-699.8,-699.8,-624.7,-624.7,-624.7
113,-749.8,-749.8,-749.8,-556.7,-556.7,-556.7
114,-652.3,-652.3,-652.3,-635.1,-635.1,-635.1
115,-661.9,-661.9,-661.9,-628.9,-628.9,-628.9
116,-696.2,-696.2,-696.2,-597.1,-597.1,-597.1
117,-660.5,-660.5,-660.5,-594.3,-594.3,-594.3
118,-705.3,-705.3,-705.3,-581.2,-581.2,-581.2
119,-735.3,-735.3,-735.3,-628.6,-628.6,-628.6
120,-752.6,-752.6,-752.6,-559.6,-559.6,-559.6
121,-643.6,-643.6,-643.6,-638,-638,-638
122,-680.6,-680.6,-680.6,-589,-589,-589
123,-721.9,-721.9,-721.9,-625,-625,-625
124,-709.6,-709.6,-709.6,-522.9,-522.9,-522.9
125,-719.4,-719.4,-719.4,-687.6,-687.6,-687.6
126,-769.8,-769.8,-769.8,-595.8,-595.8,-595.8
127,-735.5,-735.5,-735.5,-630.7,-630.7,-630.7
128,-675.5,-675.5,-675.5,-575.9,-575.9,-575.9
129,-681,-681,-681,-560.8,-560.8,-560.8
130,-557.7,-557.7,-557.7,-555.7,-555.7,-555.7
131,-703.8,-703.8,-703.8,-615,-615,-615
132,-590.8,-590.8,-590.8,-577.7,-577.7,-577.7
133,-664.7,-664.7,-664.7,-540.5,-540.5,-540.5
134,-644.8,-644.8,-644.8,-698.4,-698.4,-698.4
135,-703,-703,-703,-560.9,-560.9,-560.9
136,-625,-625,-625,-568.4,-568.4,-568.4
137,-633.8,-633.8,-633.8,-578.1,-578.1,-578.1
138,-709.8,-709.8,-709.8,-594.7,-594.7,-594.7
139,-679.9,-679.9,-679.9,-578.3,-578.3,-578.3
140,-640.2,-640.2,-640.2,-517,-517,-517
141,-662.1,-662.1,-662.1,-605.6,-605.6,-605.6
142,-647.9,-647.9,-647.9,-537.1,-537.1,-537.1
143,-696,-696,-696,-546.7,-546.7,-546.7
144,-668,-668,-668,-674.2,-674.2,-674.2
145,-652.3,-652.3,-652.3,-521.4,-521.4,-521.4
146,-749.1,-749.1,-749.1,-610.3,-610.3,-610.3
147,-673.5,-673.5,-673.5,-529.7,-529.7,-529.7
148,-717.1,-717.1,-717.1,-492.4,-492.4,-492.4
149,-736.6,-736.6,-736.6,-592.6,-592.6,-592.6
150,-644,-644,-644,-577.6,-577.6,-577.6
151,-655.5,-655.5,-655.5,-530.8,-530.8,-530.8
152,-646.5,-646.5,-646.5,-529.7,-529.7,-529.7
153,-661.2,-661.2,-661.2,-534.5,-534.5,-534.5
154,-643.2,-643.2,-643.2,-540.3,-540.3,-540.3
155,-631.3,-631.3,-631.3,-605.5,-605.5,-605.5
156,-667.6,-667.6,-667.6,-539.2,-539.2,-539.2
157,-677.9,-677.9,-677.9,-550,-550,-550
158,-588.3,-588.3,-588.3,-588.7,-588.7,-588.7
159,-570.7,-570.7,-570.7,-628.8,-628.8,-628.8
160,-685.8,-685.8,-685.8,-637.4,-637.4,-637.4
161,-635.2,-635.2,-635.2,-538,-538,-538
162,-644.4,-644.4,-644.4,-581.8,-581.8,-581.8
163,-691.1,-691.1,-691.1,-601.4,-601.4,-601.4
164,-606.4,-606.4,-606.4,-622.7,-622.7,-622.7
165,-621.8,-621.8,-621.8,-595.8,-595.8,-595.8
166,-666.9,-666.9,-666.9,-537.1,-537.1,-537.1
167,-674.6,-674.6,-674.6,-538.3,-538.3,-538.3
168,-613.4,-613.4,-613.4,-577.8,-577.8,-577.8
169,-717.1,-717.1,-717.1,-492.9,-492.9,-492.9
170,-642.2,-642.2,-642.2,-544.7,-544.7,-544.7
171,-638.2,-638.2,-638.2,-473.8,-473.8,-473.8
172,-730.6,-730.6,-730.6,-551.6,-551.6,-551.6
173,-627.7,-627.7,-627.7,-525.5,-525.5,-525.5
174,-738.7,-738.7,-738.7,-602,-602,-602
175,-658.9,-658.9,-658.9,-523.6,-523.6,-523.6
176,-659.1,-659.1,-659.1,-526.8,-526.8,-526.8
177,-508.2,-508.2,-508.2,-532.4,-532.4,-532.4
178,-632.3,-632.3,-632.3,-543.7,-543.7,-543.7
179,-651.8,-651.8,-651.8,-537.6,-537.6,-537.6
180,-650,-650,-650,-578.5,-578.5,-578.5
181,-537.4,-537.4,-537.4,-484.8,-484.8,-484.8
182,-604,-604,-604,-500.1,-500.1,-500.1
183,-593.3,-593.3,-593.3,-626.8,-626.8,-626.8
184,-618.9,-618.9,-618.9,-529.1,-529.1,-529.1
185,-647.6,-647.6,-647.6,-530,-530,-530
186,-636.8,-636.8,-636.8,-561.6,-561.6,-561.6
187,-586.2,-586.2,-586.2,-535,-535,-535
188,-603.1,-603.1,-603.1,-590.2,-590.2,-590.2
189,-625,-625,-625,-535.7,-535.7,-535.7
190,-614.9,-614.9,-614.9,-517.4,-517.4,-517.4
191,-649.5,-649.5,-649.5,-529.8,-529.8,-529.8
192,-628.9,-628.9,-628.9,-537.6,-537.6,-537.6
193,-605.2,-605.2,-605.2,-482.8,-482.8,-482.8
194,-613.3,-613.3,-613.3,-459.9,-459.9,-459.9
195,-630.1,-630.1,-630.1,-564.7,-564.7,-564.7
196,-587.1,-587.1,-587.1,-469.3,-469.3,-469.3
197,-611.1,-611.1,-611.1,-522.9,-522.9,-522.9
198,-613.8,-613.8,-613.8,-601.9,-601.9,-601.9
199,-567.5,-567.5,-567.5,-491.6,-491.6,-491.6
200,-555.8,-555.8,-555.8,-492.3,-492.3,-492.3
201,-619.5,-619.5,-619.5,-492,-492,-492
202,-648.8,-648.8,-648.8,-497.9,-497.9,-497.9
203,-617.1,-617.1,-617.1,-477.6,-477.6,-477.6
204,-644.5,-644.5,-644.5,-521.1,-521.1,-521.1
205,-592.6,-592.6,-592.6,-486,-486,-486
206,-602.7,-602.7,-602.7,-507.8,-507.8,-507.8
207,-641.4,-641.4,-641.4,-535.4,-535.4,-535.4
208,-609.5,-609.5,-609.5,-531.1,-531.1,-531.1
209,-576.7,-576.7,-576.7,-472.9,-472.9,-472.9
210,-599.6,-599.6,-599.6,-454.2,-454.2,-454.2
211,-562.7,-562.7,-562.7,-555.4,-555.4,-555.4
212,-505.8,-505.8,-505.8,-499.1,-499.1,-499.1
213,-558.3,-558.3,-558.3,-504.2,-504.2,-504.2
214,-631.4,-631.4,-631.4,-488.3,-488.3,-488.3
215,-553.8,-553.8,-553.8,-492.7,-492.7,-492.7
216,-544,-544,-544,-506.7,-506.7,-506.7
217,-628.4,-628.4,-628.4,-521.8,-521.8,-521.8
218,-549.2,-549.2,-549.2,-462.9,-462.9,-462.9
219,-593.4,-593.4,-593.4,-490.5,-490.5,-490.5
220,-562.7,-562.7,-562.7,-490.3,-490.3,-490.3
221,-595.1,-595.1,-595.1,-554.4,-554.4,-554.4
222,-541.9,-541.9,-541.9,-492.1,-492.1,-492.1
223,-591.9,-591.9,-591.9,-514.9,-514.9,-514.9
224,-557.1,-557.1,-557.1,-422.6,-422.6,-422.6
225,-602.9,-602.9,-602.9,-563.8,-563.8,-563.8
226,-478.1,-478.1,-478.1,-556.8,-556.8,-556.8
227,-568.2,-568.2,-568.2,-458.8,-458.8,-458.8
228,-495.8,-495.8,-495.8,-558.8,-558.8,-558.8
229,-504.5,-504.5,-504.5,-576.3,-576.3,-576.3
230,-602.7,-602.7,-602.7,-548.6,-548.6,-548.6
231,-565.5,-565.5,-565.5,-425.3,-425.3,-425.3
232,-508.4,-508.4,-508.4,-498.8,-498.8,-498.8
233,-557.5,-557.5,-557.5,-523.6,-523.6,-523.6
234,-599.9,-599.9,-599.9,-587.1,-587.1,-587.1
235,-561.1,-561.1,-561.1,-474,-474,-474
236,-565.6,-565.6,-565.6,-589,-589,-589
237,-503.1,-503.1,-503.1,-534.2,-534.2,-534.2
238,-584,-584,-584,-457.2,-457.2,-457.2
239,-602.5,-602.5,-602.5,-529.6,-529.6,-529.6
240,-581.7,-581.7,-581.7,-480.1,-480.1,-480.1
241,-514.5,-514.5,-514.5,-582.1,-582.1,-582.1
242,-558,-558,-558,-463.2,-463.2,-463.2
243,-579,-579,-579,-457.9,-457.9,-457.9
244,-563.4,-563.4,-563.4,-442.2,-442.2,-442.2
245,-587.4,-587.4,-587.4,-510.3,-510.3,-510.3
246,-569.6,-569.6,-569.6,-599.4,-599.4,-599.4
247,-570,-570,-570,-510.3,-510.3,-510.3
248,-574.9,-574.9,-574.9,-568.7,-568.7,-568.7
249,-497.9,-497.9,-497.9,-560,-560,-560
250,-536.8,-536.8,-536.8,-515.1,-515.1,-515.1
251,-491.2,-491.2,-491.2,-495.7,-495.7,-495.7
252,-539.6,-539.6,-539.6,-439.8,-439.8,-439.8
253,-537.3,-537.3,-537.3,-523,-523,-523
254,-481,-481,-481,-526.2,-526.2,-526.2
255,-597.3,-597.3,-597.3,-517.4,-517.4,-517.4
256,-567.3,-567.3,-567.3,-514.4,-514.4,-514.4
257,-524.4,-524.4,-524.4,-477.7,-477.7,-477.7
258,-598.5,-598.5,-598.5,-481.3,-481.3,-481.3
259,-564.1,-564.1,-564.1,-458.6,-458.6,-458.6
260,-463.5,-463.5,-463.5,-477.9,-477.9,-477.9
261,-597.6,-597.6,-597.6,-461.4,-461.4,-461.4
262,-542.4,-542.4,-542.4,-477.2,-477.2,-477.2
263,-534.3,-534.3,-534.3,-504.4,-504.4,-504.4
264,-515.2,-515.2,-515.2,-441.5,-441.5,-441.5
265,-545,-545,-545,-461.9,-461.9,-461.9
266,-535.8,-535.8,-535.8,-477.9,-477.9,-477.9
267,-555.4,-555.4,-555.4,-441.8,-441.8,-441.8
268,-581.1,-581.1,-581.1,-463.4,-463.4,-463.4
269,-575.2,-575.2,-575.2,-477.2,-477.2,-477.2
270,-519.1,-519.1,-519.1,-488.2,-488.2,-488.2
271,-495,-495,-495,-459.2,-459.2,-459.2
272,-582.9,-582.9,-582.9,-478.4,-478.4,-478.4
273,-502.4,-502.4,-502.4,-445,-445,-445
274,-629,-629,-629,-537.2,-537.2,-537.2
275,-599.7,-599.7,-599.7,-408.9,-408.9,-408.9
276,-507.1,-507.1,-507.1,-469.7,-469.7,-469.7
277,-548,-548,-548,-481,-481,-481
278,-493.1,-493.1,-493.1,-474.3,-474.3,-474.3
279,-573.6,-573.6,-573.6,-553.5,-553.5,-553.5
280,-542.7,-542.7,-542.7,-524.4,-524.4,-524.4
281,-551.4,-551.4,-551.4,-462.9,-462.9,-462.9
282,-504.3,-504.3,-504.3,-446.8,-446.8,-446.8
283,-550.8,-550.8,-550.8,-451.1,-451.1,-451.1
284,-606.1,-606.1,-606.1,-478.5,-478.5,-478.5
285,-482.1,-482.1,-482.1,-431.8,-431.8,-431.8
286,-573,-573,-573,-492.4,-492.4,-492.4
287,-590.5,-590.5,-590.5,-468.6,-468.6,-468.6
288,-549.6,-549.6,-549.6,-448.2,-448.2,-448.2
289,-591.4,-591.4,-591.4,-423.1,-423.1,-423.1
290,-559.6,-559.6,-559.6,-413.6,-413.6,-413.6
291,-535.4,-535.4,-535.4,-470.4,-470.4,-470.4
292,-582,-582,-582,-482.3,-482.3,-482.3
293,-535.1,-535.1,-535.1,-451.8,-451.8,-451.8
294,-514.4,-514.4,-514.4,-410.2,-410.2,-410.2
295,-560.5,-560.5,-560.5,-487.7,-487.7,-487.7
296,-500,-500,-500,-592.9,-592.9,-592.9
297,-535.2,-535.2,-535.2,-452.7,-452.7,-452.7
298,-531.7,-531.7,-531.7,-408.6,-408.6,-408.6
299,-524.3,-524.3,-524.3,-442.2,-442.2,-442.2
300,-495.8,-495.8,-495.8,-528.2,-528.2,-528.2
301,-583.7,-583.7,-583.7,-473,-473,-473
302,-555.8,-555.8,-555.8,-500.3,-500.3,-500.3
303,-492.9,-492.9,-492.9,-466.2,-466.2,-466.2
304,-619.2,-619.2,-619.2,-464,-464,-464
305,-455.6,-455.6,-455.6,-508.8,-508.8,-508.8
306,-517,-517,-517,-475.6,-475.6,-475.6
307,-547.3,-547.3,-547.3,-465.7,-465.7,-465.7
308,-483.9,-483.9,-483.9,-476.6,-476.6,-476.6
309,-510.8,-510.8,-510.8,-503,-503,-503
310,-535.8,-535.8,-535.8,-446.8,-446.8,-446.8
311,-488.1,-488.1,-488.1,-490.8,-490.8,-490.8
312,-614.5,-614.5,-614.5,-480.4,-480.4,-480.4
313,-574.5,-574.5,-574.5,-382.9,-382.9,-382.9
314,-500.4,-500.4,-500.4,-458.9,-458.9,-458.9
315,-597.5,-597.5,-597.5,-493.9,-493.9,-493.9
316,-536.2,-536.2,-536.2,-486.2,-486.2,-486.2
317,-464.6,-464.6,-464.6,-454.9,-454.9,-454.9
318,-531.3,-531.3,-531.3,-421.3,-421.3,-421.3
319,-496,-496,-496,-424.8,-424.8,-424.8
320,-561.9,-561.9,-561.9,-551.3,-551.3,-551.3
321,-555.2,-555.2,-555.2,-508.8,-508.8,-508.8
322,-507.6,-507.6,-507.6,-477.2,-477.2,-477.2
323,-559.2,-559.2,-559.2,-432.3,-432.3,-432.3
324,-506.2,-506.2,-506.2,-511.4,-511.4,-511.4
325,-516.1,-516.1,-516.1,-479.6,-479.6,-479.6
326,-600.3,-600.3,-600.3,-441.2,-441.2,-441.2
327,-571.4,-571.4,-571.4,-407.8,-407.8,-407.8
328,-495.3,-495.3,-495.3,-426.1,-426.1,-426.1
329,-585.7,-585.7,-585.7,-438.5,-438.5,-438.5
330,-436.2,-436.2,-436.2,-424.8,-424.8,-424.8
331,-577,-577,-577,-424.8,-424.8,-424.8
332,-445.7,-445.7,-445.7,-529.4,-529.4,-529.4
333,-551.4,-551.4,-551.4,-449.4,-449.4,-449.4
334,-549.2,-549.2,-549.2,-410.2,-410.2,-410.2
335,-556.4,-556.4,-556.4,-483.4,-483.4,-483.4
336,-467.9,-467.9,-467.9,-422.7,-422.7,-422.7
337,-488.9,-488.9,-488.9,-456.8,-456.8,-456.8
338,-560.9,-560.9,-560.9,-491.7,-491.7,-491.7
339,-529.9,-529.9,-529.9,-450.4,-450.4,-450.4
340,-489.4,-489.4,-489.4,-467.3,-467.3,-467.3
341,-520.4,-520.4,-520.4,-422.8,-422.8,-422.8
342,-487.5,-487.5,-487.5,-437.4,-437.4,-437.4
343,-565.1,-565.1,-565.1,-453.4,-453.4,-453.4
344,-445.8,-445.8,-445.8,-438.4,-438.4,-438.4
345,-496.5,-496.5,-496.5,-494.3,-494.3,-494.3
346,-428.2,-428.2,-428.2,-456.5,-456.5,-456.5
347,-497.4,-497.4,-497.4,-492.7,-492.7,-492.7
348,-506.5,-506.5,-506.5,-403.1,-403.1,-403.1
349,-472.7,-472.7,-472.7,-444.2,-444.2,-444.2
350,-547.3,-547.3,-547.3,-507.5,-507.5,-507.5
351,-477.3,-477.3,-477.3,-447.6,-447.6,-447.6
352,-535.1,-535.1,-535.1,-386.2,-386.2,-386.2
353,-529.3,-529.3,-529.3,-486,-486,-486
354,-529.8,-529.8,-529.8,-406.7,-406.7,-406.7
355,-509.5,-509.5,-509.5,-450.7,-450.7,-450.7
356,-486.2,-486.2,-486.2,-443.7,-443.7,-443.7
357,-473.4,-473.4,-473.4,-489.8,-489.8,-489.8
358,-453.4,-453.4,-453.4,-504.6,-504.6,-504.6
359,-472.6,-472.6,-472.6,-435.9,-435.9,-435.9
360,-471.4,-471.4,-471.4,-434.7,-434.7,-434.7
361,-533.8,-533.8,-533.8,-472.6,-472.6,-472.6
362,-473.2,-473.2,-473.2,-453.4,-453.4,-453.4
363,-500.4,-500.4,-500.4,-434.1,-434.1,-434.1
364,-464.6,-464.6,-464.6,-441,-441,-441
365,-518.3,-518.3,-518.3,-432.9,-432.9,-432.9
366,-578.6,-578.6,-578.6,-493.7,-493.7,-493.7
367,-489,-489,-489,-462.3,-462.3,-462.3
368,-513.2,-513.2,-513.2,-428.7,-428.7,-428.7
369,-504,-504,-504,-391.3,-391.3,-391.3
370,-434.9,-434.9,-434.9,-414,-414,-414
371,-560,-560,-560,-418.2,-418.2,-418.2
372,-438,-438,-438,-452,-452,-452
373,-508.2,-508.2,-508.2,-423,-423,-423
374,-546.4,-546.4,-546.4,-461.2,-461.2,-461.2
375,-474.4,-474.4,-474.4,-409,-409,-409
376,-427.6,-427.6,-427.6,-444.3,-444.3,-444.3
377,-450,-450,-450,-407.8,-407.8,-407.8
378,-522.8,-522.8,-522.8,-479.8,-479.8,-479.8
379,-603.5,-603.5,-603.5,-469.5,-469.5,-469.5
380,-447.2,-447.2,-447.2,-456.5,-456.5,-456.5
381,-420.8,-420.8,-420.8,-443.6,-443.6,-443.6
382,-526.6,-526.6,-526.6,-388.7,-388.7,-388.7
383,-529.4,-529.4,-529.4,-431.3,-431.3,-431.3
384,-517,-517,-517,-472.5,-472.5,-472.5
385,-496.1,-496.1,-496.1,-431.7,-431.7,-431.7
386,-495.8,-495.8,-495.8,-450.3,-450.3,-450.3
387,-552.7,-552.7,-552.7,-516.4,-516.4,-516.4
388,-489.4,-489.4,-489.4,-482.7,-482.7,-482.7
389,-515.8,-515.8,-515.8,-368,-368,-368
390,-471.3,-471.3,-471.3,-452.7,-452.7,-452.7
391,-438.6,-438.6,-438.6,-471.9,-471.9,-471.9
392,-423.1,-423.1,-423.1,-509.4,-509.4,-509.4
393,-565,-565,-565,-493,-493,-493
394,-498.9,-498.9,-498.9,-436.9,-436.9,-436.9
395,-481.5,-481.5,-481.5,-484.2,-484.2,-484.2
396,-456.4,-456.4,-456.4,-435.9,-435.9,-435.9
397,-510.4,-510.4,-510.4,-388.3,-388.3,-388.3
398,-482.2,-482.2,-482.2,-430.1,-430.1,-430.1
399,-553.2,-553.2,-553.2,-560.7,-560.7,-560.7
400,-433.4,-433.4,-433.4,-430.2,-430.2,-430.2
401,-485.1,-485.1,-485.1,-404,-404,-404
402,-509.5,-509.5,-509.5,-434,-434,-434
403,-481.2,-481.2,-481.2,-453.3,-453.3,-453.3
404,-547.7,-547.7,-547.7,-484.2,-484.2,-484.2
405,-508.8,-508.8,-508.8,-416,-416,-416
406,-501.5,-501.5,-501.5,-481,-481,-481
407,-499.1,-499.1,-499.1,-414.9,-414.9,-414.9
408,-476.6,-476.6,-476.6,-385.8,-385.8,-385.8
409,-476.1,-476.1,-476.1,-392.8,-392.8,-392.8
410,-481.7,-481.7,-481.7,-499.4,-499.4,-499.4
411,-437.3,-437.3,-437.3,-387,-387,-387
412,-476.1,-476.1,-476.1,-520.4,-520.4,-520.4
413,-482.2,-482.2,-482.2,-425.7,-425.7,-425.7
414,-498.9,-498.9,-498.9,-395.9,-395.9,-395.9
415,-465.1,-465.1,-465.1,-415,-415,-415
416,-456.6,-456.6,-456.6,-443.5,-443.5,-443.5
417,-481.1,-481.1,-481.1,-442.2,-442.2,-442.2
418,-472.9,-472.9,-472.9,-412.5,-412.5,-412.5
419,-469.6,-469.6,-469.6,-485.2,-485.2,-485.2
420,-497.5,-497.5,-497.5,-399.5,-399.5,-399.5
421,-493.8,-493.8,-493.8,-476.4,-476.4,-476.4
422,-414,-414,-414,-362.7,-362.7,-362.7
423,-475.3,-475.3,-475.3,-409.3,-409.3,-409.3
424,-430.1,-430.1,-430.1,-458.8,-458.8,-458.8
425,-497.2,-497.2,-497.2,-460.8,-460.8,-460.8
426,-451.1,-451.1,-451.1,-409.7,-409.7,-409.7
427,-475.7,-475.7,-475.7,-453.3,-453.3,-453.3
428,-437.1,-437.1,-437.1,-437,-437,-437
429,-505.4,-505.4,-505.4,-423.4,-423.4,-423.4
430,-413.7,-413.7,-413.7,-475.5,-475.5,-475.5
431,-481.8,-481.8,-481.8,-422.9,-422.9,-422.9
432,-508.1,-508.1,-508.1,-429.7,-429.7,-429.7
433,-471.9,-471.9,-471.9,-430,-430,-430
434,-459.7,-459.7,-459.7,-420.9,-420.9,-420.9
435,-530.8,-530.8,-530.8,-478.9,-478.9,-478.9
436,-421,-421,-421,-447.5,-447.5,-447.5
437,-419.5,-419.5,-419.5,-430.8,-430.8,-430.8
438,-508.9,-508.9,-508.9,-459.9,-459.9,-459.9
439,-512.2,-512.2,-512.2,-421.3,-421.3,-421.3
440,-477.6,-477.6,-477.6,-469.8,-469.8,-469.8
441,-449.3,-449.3,-449.3,-405.7,-405.7,-405.7
442,-549.5,-549.5,-549.5,-444.9,-444.9,-444.9
443,-486,-486,-486,-463.7,-463.7,-463.7
444,-483.4,-483.4,-483.4,-460.2,-460.2,-460.2
445,-426.1,-426.1,-426.1,-436.4,-436.4,-436.4
446,-379.9,-379.9,-379.9,-454,-454,-454
447,-455.9,-455.9,-455.9,-404.3,-404.3,-404.3
448,-519.3,-519.3,-519.3,-410.9,-410.9,-410.9
449,-450.5,-450.5,-450.5,-403.1,-403.1,-403.1
450,-494.2,-494.2,-494.2,-434.1,-434.1,-434.1
451,-516,-516,-516,-439.7,-439.7,-439.7
452,-595.2,-595.2,-595.2,-419.8,-419.8,-419.8
453,-524.4,-524.4,-524.4,-404.1,-404.1,-404.1
454,-462.1,-462.1,-462.1,-433.6,-433.6,-433.6
455,-434.5,-434.5,-434.5,-389.5,-389.5,-389.5
456,-480,-480,-480,-450.8,-450.8,-450.8
457,-519.3,-519.3,-519.3,-471.1,-471.1,-471.1
458,-409.8,-409.8,-409.8,-486.7,-486.7,-486.7
459,-477.4,-477.4,-477.4,-438.5,-438.5,-438.5
460,-450.2,-450.2,-450.2,-390.7,-390.7,-390.7
461,-492.2,-492.2,-492.2,-419.3,-419.3,-419.3
462,-426.5,-426.5,-426.5,-438.8,-438.8,-438.8
463,-428.7,-428.7,-428.7,-464,-464,-464
464,-428.4,-428.4,-428.4,-465.5,-465.5,-465.5
465,-469.5,-469.5,-469.5,-430,-430,-430
466,-422.9,-422.9,-422.9,-440.9,-440.9,-440.9
467,-464.7,-464.7,-464.7,-420.5,-420.5,-420.5
468,-461.1,-461.1,-461.1,-429.6,-429.6,-429.6
469,-483.6,-483.6,-483.6,-390.8,-390.8,-390.8
470,-428.7,-428.7,-428.7,-397.6,-397.6,-397.6
471,-393.1,-393.1,-393.1,-423.5,-423.5,-423.5
472,-454.4,-454.4,-454.4,-472.2,-472.2,-472.2
473,-423.3,-423.3,-423.3,-450.3,-450.3,-450.3
474,-452.7,-452.7,-452.7,-450.7,-450.7,-450.7
475,-492.3,-492.3,-492.3,-487.7,-487.7,-487.7
476,-451.9,-451.9,-451.9,-438.9,-438.9,-438.9
477,-522.8,-522.8,-522.8,-395.9,-395.9,-395.9
478,-462.3,-462.3,-462.3,-413.7,-413.7,-413.7
479,-468.4,-468.4,-468.4,-431.8,-431.8,-431.8
480,-542.2,-542.2,-542.2,-411.1,-411.1,-411.1
481,-499.4,-499.4,-499.4,-440.1,-440.1,-440.1
482,-481.3,-481.3,-481.3,-403.7,-403.7,-403.7
483,-443.2,-443.2,-443.2,-427.9,-427.9,-427.9
484,-484,-484,-484,-488.1,-488.1,-488.1
485,-502.2,-502.2,-502.2,-403.4,-403.4,-403.4
486,-476.3,-476.3,-476.3,-407,-407,-407
487,-490.7,-490.7,-490.7,-423.9,-423.9,-423.9
488,-469.3,-469.3,-469.3,-402.8,-402.8,-402.8
489,-440.6,-440.6,-440.6,-385.2,-385.2,-385.2
490,-467.9,-467.9,-467.9,-467.7,-467.7,-467.7
491,-447.6,-447.6,-447.6,-393.7,-393.7,-393.7
492,-414.7,-414.7,-414.7,-445.9,-445.9,-445.9
493,-419.8,-419.8,-419.8,-394.5,-394.5,-394.5
494,-459.1,-459.1,-459.1,-432.9,-432.9,-432.9
495,-472.8,-472.8,-472.8,-459,-459,-459
496,-456.7,-456.7,-456.7,-445,-445,-445
497,-452.8,-452.8,-452.8,-441,-441,-441
498,-464.6,-464.6,-464.6,-464.5,-464.5,-464.5
499,-443.8,-443.8,-443.8,-397.3,-397.3,-397.3
500,-453,-453,-453,-436.8,-436.8,-436.8
501,-461.6,-461.6,-461.6,-447.4,-447.4,-447.4
502,-396.5,-396.5,-396.5,-442.9,-442.9,-442.9
503,-431.6,-431.6,-431.6,-388.6,-388.6,-388.6
504,-477.1,-477.1,-477.1,-386.5,-386.5,-386.5
505,-537.9,-537.9,-537.9,-421.9,-421.9,-421.9
506,-442.3,-442.3,-442.3,-423.5,-423.5,-423.5
507,-446.9,-446.9,-446.9,-471.2,-471.2,-471.2
508,-407.3,-407.3,-407.3,-427.3,-427.3,-427.3
509,-437.9,-437.9,-437.9,-443.4,-443.4,-443.4
510,-430.2,-430.2,-430.2,-446,-446,-446
511,-423.8,-423.8,-423.8,-433.4,-433.4,-433.4
512,-521.1,-521.1,-521.1,-448.4,-448.4,-448.4
513,-531.8,-531.8,-531.8,-428.2,-428.2,-428.2
514,-380,-380,-380,-437.9,-437.9,-437.9
515,-407,-407,-407,-410.3,-410.3,-410.3
516,-404.2,-404.2,-404.2,-374.1,-374.1,-374.1
517,-425.7,-425.7,-425.7,-382.9,-382.9,-382.9
518,-386.9,-386.9,-386.9,-402.9,-402.9,-402.9
519,-481.6,-481.6,-481.6,-394.9,-394.9,-394.9
520,-483.6,-483.6,-483.6,-429.6,-429.6,-429.6
521,-410.7,-410.7,-410.7,-448.3,-448.3,-448.3
522,-406.5,-406.5,-406.5,-404.1,-404.1,-404.1
523,-413.2,-413.2,-413.2,-428.8,-428.8,-428.8
524,-409.4,-409.4,-409.4,-454.4,-454.4,-454.4
525,-477.3,-477.3,-477.3,-438.3,-438.3,-438.3
526,-429,-429,-429,-391.9,-391.9,-391.9
527,-489.2,-489.2,-489.2,-390,-390,-390
528,-477.9,-477.9,-477.9,-390.1,-390.1,-390.1
529,-457.6,-457.6,-457.6,-462.9,-462.9,-462.9
530,-436.1,-436.1,-436.1,-449.9,-449.9,-449.9
531,-475.9,-475.9,-475.9,-447,-447,-447
532,-464.5,-464.5,-464.5,-420.7,-420.7,-420.7
533,-412.9,-412.9,-412.9,-481.1,-481.1,-481.1
534,-438.3,-438.3,-438.3,-400.6,-400.6,-400.6
535,-476.3,-476.3,-476.3,-418.5,-418.5,-418.5
536,-416.1,-416.1,-416.1,-406.1,-406.1,-406.1
537,-475.1,-475.1,-475.1,-481.7,-481.7,-481.7
538,-520.3,-520.3,-520.3,-472.6,-472.6,-472.6
539,-440.1,-440.1,-440.1,-432,-432,-432
540,-468.1,-468.1,-468.1,-450.8,-450.8,-450.8
541,-450.1,-450.1,-450.1,-379.3,-379.3,-379.3
542,-457.9,-457.9,-457.9,-463.5,-463.5,-463.5
543,-468,-468,-468,-398.3,-398.3,-398.3
544,-505.2,-505.2,-505.2,-416.5,-416.5,-416.5
545,-466.5,-466.5,-466.5,-437.6,-437.6,-437.6
546,-438.6,-438.6,-438.6,-491.5,-491.5,-491.5
547,-539.1,-539.1,-539.1,-372,-372,-372
548,-430.8,-430.8,-430.8,-491.1,-491.1,-491.1
549,-495.8,-495.8,-495.8,-419.6,-419.6,-419.6
550,-428.8,-428.8,-428.8,-438.7,-438.7,-438.7
551,-445.3,-445.3,-445.3,-368.1,-368.1,-368.1
552,-395.8,-395.8,-395.8,-414.7,-414.7,-414.7
553,-421.1,-421.1,-421.1,-398.2,-398.2,-398.2
554,-411.1,-411.1,-411.1,-453.1,-453.1,-453.1
555,-444.3,-444.3,-444.3,-469.7,-469.7,-469.7
556,-443.3,-443.3,-443.3,-530.4,-530.4,-530.4
557,-486,-486,-486,-408.6,-408.6,-408.6
558,-493.6,-493.6,-493.6,-404.8,-404.8,-404.8
559,-452,-452,-452,-424.1,-424.1,-424.1
560,-485.2,-485.2,-485.2,-417.3,-417.3,-417.3
561,-439.3,-439.3,-439.3,-416.7,-416.7,-416.7
562,-413.7,-413.7,-413.7,-510.4,-510.4,-510.4
563,-433.1,-433.1,-433.1,-475.5,-475.5,-475.5
564,-481.8,-481.8,-481.8,-373,-373,-373
565,-515.4,-515.4,-515.4,-450,-450,-450
566,-441.9,-441.9,-441.9,-377,-377,-377
567,-474.2,-474.2,-474.2,-404.6,-404.6,-404.6
568,-395.1,-395.1,-395.1,-403.7,-403.7,-403.7
569,-434.5,-434.5,-434.5,-408.2,-408.2,-408.2
570,-429.6,-429.6,-429.6,-417.7,-417.7,-417.7
571,-405.2,-405.2,-405.2,-373.1,-373.1,-373.1
572,-519.2,-519.2,-519.2,-440.9,-440.9,-440.9
573,-417.9,-417.9,-417.9,-451.1,-451.1,-451.1
574,-402.3,-402.3,-402.3,-452.2,-452.2,-452.2
575,-458.8,-458.8,-458.8,-470.1,-470.1,-470.1
576,-442.4,-442.4,-442.4,-406.8,-406.8,-406.8
577,-424.4,-424.4,-424.4,-358.5,-358.5,-358.5
578,-473.9,-473.9,-473.9,-393.3,-393.3,-393.3
579,-398.8,-398.8,-398.8,-437.4,-437.4,-437.4
580,-433.4,-433.4,-433.4,-373.9,-373.9,-373.9
581,-391.4,-391.4,-391.4,-448.3,-448.3,-448.3
582,-419.4,-419.4,-419.4,-416.9,-416.9,-416.9
583,-389.7,-389.7,-389.7,-447.7,-447.7,-447.7
584,-434.3,-434.3,-434.3,-429.4,-429.4,-429.4
585,-500.6,-500.6,-500.6,-369.9,-369.9,-369.9
586,-426.2,-426.2,-426.2,-440.9,-440.9,-440.9
587,-391.8,-391.8,-391.8,-409.8,-409.8,-409.8
588,-484.2,-484.2,-484.2,-396,-396,-396
589,-418.9,-418.9,-418.9,-385.1,-385.1,-385.1
590,-459.7,-459.7,-459.7,-425.1,-425.1,-425.1
591,-451,-451,-451,-481.6,-481.6,-481.6
592,-452.7,-452.7,-452.7,-382.7,-382.7,-382.7
593,-442,-442,-442,-394.3,-394.3,-394.3
594,-416,-416,-416,-382,-382,-382
595,-487.1,-487.1,-487.1,-411.7,-411.7,-411.7
596,-507.5,-507.5,-507.5,-368.3,-368.3,-368.3
597,-482.1,-482.1,-482.1,-428.6,-428.6,-428.6
598,-403.3,-403.3,-403.3,-450.9,-450.9,-450.9
599,-468.4,-468.4,-468.4,-395,-395,-395
600,-404.6,-404.6,-404.6,-391.9,-391.9,-391.9
601,-430.1,-430.1,-430.1,-395.6,-395.6,-395.6
602,-470.2,-470.2,-470.2,-360.9,-360.9,-360.9
603,-450.5,-450.5,-450.5,-402.3,-402.3,-402.3
604,-421.9,-421.9,-421.9,-360.2,-360.2,-360.2
605,-408.1,-408.1,-408.1,-418.3,-418.3,-418.3
606,-461.6,-461.6,-461.6,-432.9,-432.9,-432.9
607,-456.8,-456.8,-456.8,-402.2,-402.2,-402.2
608,-453.4,-453.4,-453.4,-414.7,-414.7,-414.7
609,-463.5,-463.5,-463.5,-386.1,-386.1,-386.1
610,-441.1,-441.1,-441.1,-422.7,-422.7,-422.7
611,-412,-412,-412,-365.2,-365.2,-365.2
612,-427.3,-427.3,-427.3,-426.1,-426.1,-426.1
613,-380.2,-380.2,-380.2,-407.5,-407.5,-407.5
614,-458.5,-458.5,-458.5,-421.3,-421.3,-421.3
615,-369.4,-369.4,-369.4,-403.1,-403.1,-403.1
616,-427.6,-427.6,-427.6,-448.3,-448.3,-448.3
617,-498.7,-498.7,-498.7,-390.9,-390.9,-390.9
618,-459.4,-459.4,-459.4,-358.2,-358.2,-358.2
619,-459.2,-459.2,-459.2,-369.3,-369.3,-369.3
620,-461.7,-461.7,-461.7,-459.2,-459.2,-459.2
621,-397.5,-397.5,-397.5,-432.1,-432.1,-432.1
622,-500.3,-500.3,-500.3,-386.5,-386.5,-386.5
623,-421.1,-421.1,-421.1,-392.6,-392.6,-392.6
624,-444.3,-444.3,-444.3,-390.5,-390.5,-390.5
625,-456.9,-456.9,-456.9,-444.6,-444.6,-444.6
626,-421.7,-421.7,-421.7,-482.3,-482.3,-482.3
627,-435.8,-435.8,-435.8,-430.7,-430.7,-430.7
628,-444.4,-444.4,-444.4,-409.4,-409.4,-409.4
629,-396.3,-396.3,-396.3,-421.5,-421.5,-421.5
630,-416.3,-416.3,-416.3,-429.9,-429.9,-429.9
631,-436.5,-436.5,-436.5,-385.4,-385.4,-385.4
632,-437,-437,-437,-380.7,-380.7,-380.7
633,-398.3,-398.3,-398.3,-414.8,-414.8,-414.8
634,-423.1,-423.1,-423.1,-408.3,-408.3,-408.3
635,-387.9,-387.9,-387.9,-411.9,-411.9,-411.9
636,-506.3,-506.3,-506.3,-395,-395,-395
637,-484,-484,-484,-396.6,-396.6,-396.6
638,-438.2,-438.2,-438.2,-418.7,-418.7,-418.7
639,-365,-365,-365,-392,-392,-392
640,-433.8,-433.8,-433.8,-358.8,-358.8,-358.8
641,-432.4,-432.4,-432.4,-383.1,-383.1,-383.1
642,-468.2,-468.2,-468.2,-401.6,-401.6,-401.6
643,-437.1,-437.1,-437.1,-417.7,-417.7,-417.7
644,-423,-423,-423,-423.8,-423.8,-423.8
645,-450,-450,-450,-437.4,-437.4,-437.4
646,-423.9,-423.9,-423.9,-379.9,-379.9,-379.9
647,-436.5,-436.5,-436.5,-398.5,-398.5,-398.5
648,-449,-449,-449,-363.4,-363.4,-363.4
649,-480.1,-480.1,-480.1,-418.7,-418.7,-418.7
650,-449.3,-449.3,-449.3,-419,-419,-419
651,-457.3,-457.3,-457.3,-369.8,-369.8,-369.8
652,-428.8,-428.8,-428.8,-433,-433,-433
653,-485.6,-485.6,-485.6,-392.8,-392.8,-392.8
654,-362.3,-362.3,-362.3,-345.2,-345.2,-345.2
655,-404.2,-404.2,-404.2,-406.5,-406.5,-406.5
656,-439.2,-439.2,-439.2,-392.9,-392.9,-392.9
657,-470.3,-470.3,-470.3,-417.3,-417.3,-417.3
658,-410.9,-410.9,-410.9,-415.8,-415.8,-415.8
659,-448.2,-448.2,-448.2,-404.7,-404.7,-404.7
660,-434.6,-434.6,-434.6,-378.5,-378.5,-378.5
661,-427.1,-427.1,-427.1,-372.5,-372.5,-372.5
662,-411.6,-411.6,-411.6,-399.4,-399.4,-399.4
663,-459.6,-459.6,-459.6,-437.9,-437.9,-437.9
664,-415.8,-415.8,-415.8,-361.4,-361.4,-361.4
665,-479.9,-479.9,-479.9,-370.1,-370.1,-370.1
666,-453.5,-453.5,-453.5,-380.1,-380.1,-380.1
667,-361.6,-361.6,-361.6,-415.1,-415.1,-415.1
668,-454.4,-454.4,-454.4,-373.5,-373.5,-373.5
669,-483.3,-483.3,-483.3,-356.5,-356.5,-356.5
670,-432.5,-432.5,-432.5,-447.7,-447.7,-447.7
671,-439.6,-439.6,-439.6,-418.7,-418.7,-418.7
672,-381.2,-381.2,-381.2,-419.6,-419.6,-419.6
673,-416.4,-416.4,-416.4,-401.1,-401.1,-401.1
674,-429.3,-429.3,-429.3,-422.1,-422.1,-422.1
675,-398.3,-398.3,-398.3,-395.4,-395.4,-395.4
676,-416.5,-416.5,-416.5,-426.7,-426.7,-426.7
677,-387.2,-387.2,-387.2,-417,-417,-417
678,-437.5,-437.5,-437.5,-395.7,-395.7,-395.7
679,-460.2,-460.2,-460.2,-461.4,-461.4,-461.4
680,-403.8,-403.8,-403.8,-370.7,-370.7,-370.7
681,-415.9,-415.9,-415.9,-405.5,-405.5,-405.5
682,-351.5,-351.5,-351.5,-420.8,-420.8,-420.8
683,-427.3,-427.3,-427.3,-441.4,-441.4,-441.4
684,-398.1,-398.1,-398.1,-378.2,-378.2,-378.2
685,-402.7,-402.7,-402.7,-392.6,-392.6,-392.6
686,-418.8,-418.8,-418.8,-382.7,-382.7,-382.7
687,-406.4,-406.4,-406.4,-412.7,-412.7,-412.7
688,-428,-428,-428,-401.2,-401.2,-401.2
689,-339.4,-339.4,-339.4,-390.9,-390.9,-390.9
690,-411.4,-411.4,-411.4,-410.5,-410.5,-410.5
691,-429.5,-429.5,-429.5,-301.9,-301.9,-301.9
692,-399.8,-399.8,-399.8,-380.5,-380.5,-380.5
693,-421.6,-421.6,-421.6,-411.1,-411.1,-411.1
694,-436.5,-436.5,-436.5,-380.7,-380.7,-380.7
695,-433.2,-433.2,-433.2,-405.1,-405.1,-405.1
696,-474,-474,-474,-356.6,-356.6,-356.6
697,-462.6,-462.6,-462.6,-362.2,-362.2,-362.2
698,-458.3,-458.3,-458.3,-404.6,-404.6,-404.6
699,-456.5,-456.5,-456.5,-407.4,-407.4,-407.4
700,-426.7,-426.7,-426.7,-464.7,-464.7,-464.7
701,-434.8,-434.8,-434.8,-415.1,-415.1,-415.1
702,-424.1,-424.1,-424.1,-392,-392,-392
703,-399.6,-399.6,-399.6,-384.8,-384.8,-384.8
704,-419.3,-419.3,-419.3,-407.1,-407.1,-407.1
705,-477,-477,-477,-350.2,-350.2,-350.2
706,-387.9,-387.9,-387.9,-428,-428,-428
707,-493.1,-493.1,-493.1,-437.1,-437.1,-437.1
708,-444.9,-444.9,-444.9,-401,-401,-401
709,-466,-466,-466,-381.3,-381.3,-381.3
710,-499,-499,-499,-336.2,-336.2,-336.2
711,-459.3,-459.3,-459.3,-386.8,-386.8,-386.8
712,-428.3,-428.3,-428.3,-416.8,-416.8,-416.8
713,-370.7,-370.7,-370.7,-387.8,-387.8,-387.8
714,-424.9,-424.9,-424.9,-379.8,-379.8,-379.8
715,-438.2,-438.2,-438.2,-378.8,-378.8,-378.8
716,-386.4,-386.4,-386.4,-388.6,-388.6,-388.6
717,-383.8,-383.8,-383.8,-396,-396,-396
718,-405.9,-405.9,-405.9,-429.1,-429.1,-429.1
719,-424,-424,-424,-364,-364,-364
720,-363.4,-363.4,-363.4,-439.2,-439.2,-439.2
721,-413.8,-413.8,-413.8,-410.8,-410.8,-410.8
722,-359.9,-359.9,-359.9,-380,-380,-380
723,-414.6,-414.6,-414.6,-366.1,-366.1,-366.1
724,-390.7,-390.7,-390.7,-358.2,-358.2,-358.2
725,-438.2,-438.2,-438.2,-357.3,-357.3,-357.3
726,-454.7,-454.7,-454.7,-467.8,-467.8,-467.8
727,-364,-364,-364,-346.2,-346.2,-346.2
728,-417.3,-417.3,-417.3,-454.6,-454.6,-454.6
729,-371.8,-371.8,-371.8,-340.3,-340.3,-340.3
730,-393.7,-393.7,-393.7,-316.8,-316.8,-316.8
731,-434.6,-434.6,-434.6,-343.3,-343.3,-343.3
732,-413,-413,-413,-365.4,-365.4,-365.4
733,-449.5,-449.5,-449.5,-357.4,-357.4,-357.4
734,-431.6,-431.6,-431.6,-367.9,-367.9,-367.9
735,-411.9,-411.9,-411.9,-424.3,-424.3,-424.3
736,-381.7,-381.7,-381.7,-397,-397,-397
737,-413.6,-413.6,-413.6,-358.1,-358.1,-358.1
738,-410.8,-410.8,-410.8,-381.2,-381.2,-381.2
739,-391.8,-391.8,-391.8,-384,-384,-384
740,-416.2,-416.2,-416.2,-383,-383,-383
741,-390.7,-390.7,-390.7,-382.9,-382.9,-382.9
742,-436.7,-436.7,-436.7,-326.3,-326.3,-326.3
743,-491.1,-491.1,-491.1,-342.3,-342.3,-342.3
744,-375.3,-375.3,-375.3,-363.1,-363.1,-363.1
745,-388.3,-388.3,-388.3,-352.5,-352.5,-352.5
746,-433.4,-433.4,-433.4,-405.8,-405.8,-405.8
747,-484,-484,-484,-346.8,-346.8,-346.8
748,-419.9,-419.9,-419.9,-410.6,-410.6,-410.6
749,-439.3,-439.3,-439.3,-373.7,-373.7,-373.7
750,-441.5,-441.5,-441.5,-376.8,-376.8,-376.8
751,-416.3,-416.3,-416.3,-374.9,-374.9,-374.9
752,-424.1,-424.1,-424.1,-344.4,-344.4,-344.4
753,-385.1,-385.1,-385.1,-371.3,-371.3,-371.3
754,-419.2,-419.2,-419.2,-354.6,-354.6,-354.6
755,-399.8,-399.8,-399.8,-377.3,-377.3,-377.3
756,-479.6,-479.6,-479.6,-378.6,-378.6,-378.6
757,-385.9,-385.9,-385.9,-429.4,-429.4,-429.4
758,-414.2,-414.2,-414.2,-411.7,-411.7,-411.7
759,-400.7,-400.7,-400.7,-350.2,-350.2,-350.2
760,-443.2,-443.2,-443.2,-410.7,-410.7,-410.7
761,-446.9,-446.9,-446.9,-349.8,-349.8,-349.8
762,-386.6,-386.6,-386.6,-398.2,-398.2,-398.2
763,-385.6,-385.6,-385.6,-335.6,-335.6,-335.6
764,-424.2,-424.2,-424.2,-402.3,-402.3,-402.3
765,-409.9,-409.9,-409.9,-325.1,-325.1,-325.1
766,-436.1,-436.1,-436.1,-343.2,-343.2,-343.2
767,-416.4,-416.4,-416.4,-405,-405,-405
768,-442.6,-442.6,-442.6,-421,-421,-421
769,-410.6,-410.6,-410.6,-369.2,-369.2,-369.2
770,-366.4,-366.4,-366.4,-339.1,-339.1,-339.1
771,-438.6,-438.6,-438.6,-354.5,-354.5,-354.5
772,-396.4,-396.4,-396.4,-408.7,-408.7,-408.7
773,-412.3,-412.3,-412.3,-368.5,-368.5,-368.5
774,-459.8,-459.8,-459.8,-368.5,-368.5,-368.5
775,-396.9,-396.9,-396.9,-378.9,-378.9,-378.9
776,-435,-435,-435,-346.5,-346.5,-346.5
777,-348.1,-348.1,-348.1,-434.4,-434.4,-434.4
778,-409.1,-409.1,-409.1,-316.7,-316.7,-316.7
779,-406,-406,-406,-513.7,-513.7,-513.7
780,-402.2,-402.2,-402.2,-332.2,-332.2,-332.2
781,-432.6,-432.6,-432.6,-363,-363,-363
782,-398,-398,-398,-402.4,-402.4,-402.4
783,-430.6,-430.6,-430.6,-441.2,-441.2,-441.2
784,-388,-388,-388,-373.2,-373.2,-373.2
785,-405.6,-405.6,-405.6,-383.6,-383.6,-383.6
786,-418.7,-418.7,-418.7,-380.6,-380.6,-380.6
787,-409.3,-409.3,-409.3,-356.8,-356.8,-356.8
788,-411.9,-411.9,-411.9,-419.3,-419.3,-419.3
789,-432.7,-432.7,-432.7,-366.6,-366.6,-366.6
790,-365.3,-365.3,-365.3,-427.8,-427.8,-427.8
791,-464.8,-464.8,-464.8,-389.7,-389.7,-389.7
792,-353.6,-353.6,-353.6,-357.4,-357.4,-357.4
793,-428.9,-428.9,-428.9,-364.1,-364.1,-364.1
794,-448.8,-448.8,-448.8,-339,-339,-339
795,-413.5,-413.5,-413.5,-364.9,-364.9,-364.9
796,-418.3,-418.3,-418.3,-407.8,-407.8,-407.8
797,-383.7,-383.7,-383.7,-393.6,-393.6,-393.6
798,-410.1,-410.1,-410.1,-321.5,-321.5,-321.5
799,-414.4,-414.4,-414.4,-369.9,-369.9,-369.9
800,-414.6,-414.6,-414.6,-436.2,-436.2,-436.2
801,-439.4,-439.4,-439.4,-385.7,-385.7,-385.7
802,-394,-394,-394,-378,-378,-378
803,-389.1,-389.1,-389.1,-459.2,-459.2,-459.2
804,-384.8,-384.8,-384.8,-422.7,-422.7,-422.7
805,-409.6,-409.6,-409.6,-351.2,-351.2,-351.2
806,-447.5,-447.5,-447.5,-299.2,-299.2,-299.2
807,-362.1,-362.1,-362.1,-361.1,-361.1,-361.1
808,-446.4,-446.4,-446.4,-372.4,-372.4,-372.4
809,-374.8,-374.8,-374.8,-389.2,-389.2,-389.2
810,-368.3,-368.3,-368.3,-395.8,-395.8,-395.8
811,-441.6,-441.6,-441.6,-398,-398,-398
812,-432.2,-432.2,-432.2,-396.8,-396.8,-396.8
813,-433.7,-433.7,-433.7,-400.6,-400.6,-400.6
814,-448.8,-448.8,-448.8,-385.3,-385.3,-385.3
815,-424.8,-424.8,-424.8,-340,-340,-340
816,-411.9,-411.9,-411.9,-343.6,-343.6,-343.6
817,-386.1,-386.1,-386.1,-388.1,-388.1,-388.1
818,-383.3,-383.3,-383.3,-319.7,-319.7,-319.7
819,-394.8,-394.8,-394.8,-330.9,-330.9,-330.9
820,-372.2,-372.2,-372.2,-368.2,-368.2,-368.2
821,-382.4,-382.4,-382.4,-363.7,-363.7,-363.7
822,-424.5,-424.5,-424.5,-405.1,-405.1,-405.1
823,-441.4,-441.4,-441.4,-339,-339,-339
824,-462.8,-462.8,-462.8,-378.6,-378.6,-378.6
825,-437.9,-437.9,-437.9,-374.9,-374.9,-374.9
826,-445.2,-445.2,-445.2,-406.5,-406.5,-406.5
827,-374.9,-374.9,-374.9,-329.4,-329.4,-329.4
828,-384.5,-384.5,-384.5,-332.4,-332.4,-332.4
829,-414.5,-414.5,-414.5,-353.1,-353.1,-353.1
830,-377,-377,-377,-374.7,-374.7,-374.7
831,-388.6,-388.6,-388.6,-381.8,-381.8,-381.8
832,-359.7,-359.7,-359.7,-377.4,-377.4,-377.4
833,-361.4,-361.4,-361.4,-393.1,-393.1,-393.1
834,-445.5,-445.5,-445.5,-302.9,-302.9,-302.9
835,-414.4,-414.4,-414.4,-350.8,-350.8,-350.8
836,-492.2,-492.2,-492.2,-347.5,-347.5,-347.5
837,-416.7,-416.7,-416.7,-334.6,-334.6,-334.6
838,-463.3,-463.3,-463.3,-336.4,-336.4,-336.4
839,-392.8,-392.8,-392.8,-313.2,-313.2,-313.2
840,-417.6,-417.6,-417.6,-290.5,-290.5,-290.5
841,-399.9,-399.9,-399.9,-372.4,-372.4,-372.4
842,-440.5,-440.5,-440.5,-418.5,-418.5,-418.5
843,-434.3,-434.3,-434.3,-361.4,-361.4,-361.4
844,-417.6,-417.6,-417.6,-350.7,-350.7,-350.7
845,-406.2,-406.2,-406.2,-324.5,-324.5,-324.5
846,-449.4,-449.4,-449.4,-376.5,-376.5,-376.5
847,-387.1,-387.1,-387.1,-345.9,-345.9,-345.9
848,-400.7,-400.7,-400.7,-357.6,-357.6,-357.6
849,-434.3,-434.3,-434.3,-391.8,-391.8,-391.8
850,-370.1,-370.1,-370.1,-291.5,-291.5,-291.5
851,-371.4,-371.4,-371.4,-314.5,-314.5,-314.5
852,-363.6,-363.6,-363.6,-334.2,-334.2,-334.2
853,-430.7,-430.7,-430.7,-385.9,-385.9,-385.9
854,-404,-404,-404,-390.2,-390.2,-390.2
855,-406.8,-406.8,-406.8,-344.6,-344.6,-344.6
856,-447.4,-447.4,-447.4,-375,-375,-375
857,-397.6,-397.6,-397.6,-338.9,-338.9,-338.9
858,-499.8,-499.8,-499.8,-339.2,-339.2,-339.2
859,-436.3,-436.3,-436.3,-343.5,-343.5,-343.5
860,-438.9,-438.9,-438.9,-380.3,-380.3,-380.3
861,-389.4,-389.4,-389.4,-380.6,-380.6,-380.6
862,-428.2,-428.2,-428.2,-346.7,-346.7,-346.7
863,-372,-372,-372,-333.9,-333.9,-333.9
864,-397.4,-397.4,-397.4,-388.3,-388.3,-388.3
865,-415.6,-415.6,-415.6,-351.7,-351.7,-351.7
866,-440.1,-440.1,-440.1,-397.4,-397.4,-397.4
867,-378.4,-378.4,-378.4,-409.2,-409.2,-409.2
868,-370.7,-370.7,-370.7,-326.9,-326.9,-326.9
869,-358.6,-358.6,-358.6,-389.5,-389.5,-389.5
870,-418.8,-418.8,-418.8,-355.5,-355.5,-355.5
871,-473.1,-473.1,-473.1,-396.8,-396.8,-396.8
872,-394.7,-394.7,-394.7,-344.6,-344.6,-344.6
873,-414.9,-414.9,-414.9,-307.6,-307.6,-307.6
874,-400.6,-400.6,-400.6,-363.1,-363.1,-363.1
875,-422,-422,-422,-371.2,-371.2,-371.2
876,-381.2,-381.2,-381.2,-359.2,-359.2,-359.2
877,-408.4,-408.4,-408.4,-367.4,-367.4,-367.4
878,-418.1,-418.1,-418.1,-376.5,-376.5,-376.5
879,-429.2,-429.2,-429.2,-324.5,-324.5,-324.5
880,-388.7,-388.7,-388.7,-352.3,-352.3,-352.3
881,-402.5,-402.5,-402.5,-422.1,-422.1,-422.1
882,-367.2,-367.2,-367.2,-419.9,-419.9,-419.9
883,-407.2,-407.2,-407.2,-363.3,-363.3,-363.3
884,-430.6,-430.6,-430.6,-357,-357,-357
885,-398.8,-398.8,-398.8,-406.3,-406.3,-406.3
886,-393,-393,-393,-360.3,-360.3,-360.3
887,-354,-354,-354,-326.3,-326.3,-326.3
888,-409.4,-409.4,-409.4,-289.3,-289.3,-289.3
889,-345.2,-345.2,-345.2,-330.8,-330.8,-330.8
890,-341.4,-341.4,-341.4,-366.7,-366.7,-366.7
891,-383.5,-383.5,-383.5,-333.1,-333.1,-333.1
892,-407.6,-407.6,-407.6,-301.3,-301.3,-301.3
893,-402.6,-402.6,-402.6,-353.1,-353.1,-353.1
894,-377.6,-377.6,-377.6,-388,-388,-388
895,-470.5,-470.5,-470.5,-341,-341,-341
896,-365.1,-365.1,-365.1,-314.6,-314.6,-314.6
897,-334.4,-334.4,-334.4,-330.9,-330.9,-330.9
898,-444.4,-444.4,-444.4,-374.9,-374.9,-374.9
899,-363.5,-363.5,-363.5,-371.6,-371.6,-371.6
900,-455.8,-455.8,-455.8,-345,-345,-345
901,-418.7,-418.7,-418.7,-407.4,-407.4,-407.4
902,-384.4,-384.4,-384.4,-371.8,-371.8,-371.8
903,-379.5,-379.5,-379.5,-307.8,-307.8,-307.8
904,-395.4,-395.4,-395.4,-355.7,-355.7,-355.7
905,-383.7,-383.7,-383.7,-362.5,-362.5,-362.5
906,-383.2,-383.2,-383.2,-365.1,-365.1,-365.1
907,-423.5,-423.5,-423.5,-326.6,-326.6,-326.6
908,-426.4,-426.4,-426.4,-362.7,-362.7,-362.7
909,-375.2,-375.2,-375.2,-384.6,-384.6,-384.6
910,-436.1,-436.1,-436.1,-387.2,-387.2,-387.2
911,-402.4,-402.4,-402.4,-344.4,-344.4,-344.4
912,-414,-414,-414,-387.5,-387.5,-387.5
913,-369.8,-369.8,-369.8,-336.7,-336.7,-336.7
914,-371,-371,-371,-318.5,-318.5,-318.5
915,-386.4,-386.4,-386.4,-303.6,-303.6,-303.6
916,-407,-407,-407,-303.6,-303.6,-303.6
917,-418.1,-418.1,-418.1,-351,-351,-351
918,-404.1,-404.1,-404.1,-325.4,-325.4,-325.4
919,-396.3,-396.3,-396.3,-312.4,-312.4,-312.4
920,-422.1,-422.1,-422.1,-373.4,-373.4,-373.4
921,-380.6,-380.6,-380.6,-356.2,-356.2,-356.2
922,-480.7,-480.7,-480.7,-395.7,-395.7,-395.7
923,-439.3,-439.3,-439.3,-378,-378,-378
924,-423,-423,-423,-373.4,-373.4,-373.4
925,-454.8,-454.8,-454.8,-328.1,-328.1,-328.1
926,-482.7,-482.7,-482.7,-323.6,-323.6,-323.6
927,-464.1,-464.1,-464.1,-366.7,-366.7,-366.7
928,-389.8,-389.8,-389.8,-344.8,-344.8,-344.8
929,-350.8,-350.8,-350.8,-379.6,-379.6,-379.6
930,-512.9,-512.9,-512.9,-374.4,-374.4,-374.4
931,-438,-438,-438,-380.2,-380.2,-380.2
932,-421.4,-421.4,-421.4,-339.8,-339.8,-339.8
933,-408.4,-408.4,-408.4,-314.2,-314.2,-314.2
934,-386.3,-386.3,-386.3,-379.3,-379.3,-379.3
935,-415,-415,-415,-391.3,-391.3,-391.3
936,-448.7,-448.7,-448.7,-314.3,-314.3,-314.3
937,-396.3,-396.3,-396.3,-380,-380,-380
938,-414.2,-414.2,-414.2,-322.4,-322.4,-322.4
939,-360.8,-360.8,-360.8,-326.1,-326.1,-326.1
940,-396.6,-396.6,-396.6,-320,-320,-320
941,-455.6,-455.6,-455.6,-357.8,-357.8,-357.8
942,-457.1,-457.1,-457.1,-375.8,-375.8,-375.8
943,-394.8,-394.8,-394.8,-303.5,-303.5,-303.5
944,-377.4,-377.4,-377.4,-318.1,-318.1,-318.1
945,-466.5,-466.5,-466.5,-338.3,-338.3,-338.3
946,-422.3,-422.3,-422.3,-338.3,-338.3,-338.3
947,-373,-373,-373,-318.2,-318.2,-318.2
948,-388.9,-388.9,-388.9,-316.3,-316.3,-316.3
949,-355.8,-355.8,-355.8,-377.8,-377.8,-377.8
950,-457.3,-457.3,-457.3,-322.3,-322.3,-322.3
951,-440.1,-440.1,-440.1,-327.2,-327.2,-327.2
952,-391.2,-391.2,-391.2,-379.2,-379.2,-379.2
953,-481.4,-481.4,-481.4,-304.2,-304.2,-304.2
954,-347.8,-347.8,-347.8,-357.4,-357.4,-357.4
955,-434.6,-434.6,-434.6,-329.9,-329.9,-329.9
956,-371.6,-371.6,-371.6,-313.9,-313.9,-313.9
957,-523.7,-523.7,-523.7,-395.6,-395.6,-395.6
958,-401.3,-401.3,-401.3,-362.5,-362.5,-362.5
959,-423,-423,-423,-384.5,-384.5,-384.5
960,-440.2,-440.2,-440.2,-363.9,-363.9,-363.9
961,-415.8,-415.8,-415.8,-354.2,-354.2,-354.2
962,-391.4,-391.4,-391.4,-329,-329,-329
963,-368.8,-368.8,-368.8,-271.6,-271.6,-271.6
964,-361.4,-361.4,-361.4,-277.6,-277.6,-277.6
965,-361.9,-361.9,-361.9,-333.2,-333.2,-333.2
966,-447.1,-447.1,-447.1,-265.5,-265.5,-265.5
967,-423.1,-423.1,-423.1,-306.3,-306.3,-306.3
968,-428.3,-428.3,-428.3,-354.8,-354.8,-354.8
969,-453.5,-453.5,-453.5,-345.6,-345.6,-345.6
970,-416.8,-416.8,-416.8,-358.1,-358.1,-358.1
971,-346.5,-346.5,-346.5,-317.4,-317.4,-317.4
972,-453.9,-453.9,-453.9,-337.5,-337.5,-337.5
973,-362.4,-362.4,-362.4,-293.2,-293.2,-293.2
974,-371.4,-371.4,-371.4,-354.4,-354.4,-354.4
975,-336,-336,-336,-330.3,-330.3,-330.3
976,-338.9,-338.9,-338.9,-323.7,-323.7,-323.7
977,-382.3,-382.3,-382.3,-369.4,-369.4,-369.4
978,-430.4,-430.4,-430.4,-331.6,-331.6,-331.6
979,-474.3,-474.3,-474.3,-326.5,-326.5,-326.5
980,-373.2,-373.2,-373.2,-287.5,-287.5,-287.5
981,-371.8,-371.8,-371.8,-343.3,-343.3,-343.3
982,-463.6,-463.6,-463.6,-290.3,-290.3,-290.3
983,-402.7,-402.7,-402.7,-301.6,-301.6,-301.6
984,-388.2,-388.2,-388.2,-365.6,-365.6,-365.6
985,-387.3,-387.3,-387.3,-351.8,-351.8,-351.8
986,-420.6,-420.6,-420.6,-335.6,-335.6,-335.6
987,-358.2,-358.2,-358.2,-402.8,-402.8,-402.8
988,-475.8,-475.8,-475.8,-304.4,-304.4,-304.4
989,-472.6,-472.6,-472.6,-327.9,-327.9,-327.9
990,-415,-415,-415,-296.1,-296.1,-296.1
991,-535.4,-535.4,-535.4,-299.4,-299.4,-299.4
992,-471.6,-471.6,-471.6,-336.3,-336.3,-336.3
993,-440.8,-440.8,-440.8,-312,-312,-312
994,-374.2,-374.2,-374.2,-370.1,-370.1,-370.1
995,-354,-354,-354,-316.4,-316.4,-316.4
996,-395.1,-395.1,-395.1,-326.7,-326.7,-326.7
997,-456.7,-456.7,-456.7,-327.9,-327.9,-327.9
998,-453.4,-453.4,-453.4,-357.2,-357.2,-357.2
999,-410.6,-410.6,-410.6,-306.7,-306.7,-306.7
1000,-372.1,-372.1,-372.1,-354.9,-354.9,-354.9
