epoch,mpe-large-spread-v2_teamcomm_no_mTrue_vTrue_333 - episode_return,mpe-large-spread-v2_teamcomm_no_mTrue_vTrue_333 - episode_return__MIN,mpe-large-spread-v2_teamcomm_no_mTrue_vTrue_333 - episode_return__MAX,mpe-large-spread-v2_teamcomm_no_mFalse_vTrue_333 - episode_return,mpe-large-spread-v2_teamcomm_no_mFalse_vTrue_333 - episode_return__MIN,mpe-large-spread-v2_teamcomm_no_mFalse_vTrue_333 - episode_return__MAX
1,-568,-568,-568,-636.5,-636.5,-636.5
2,-664.5,-664.5,-664.5,-549.5,-549.5,-549.5
3,-631,-631,-631,-526,-526,-526
4,-454,-454,-454,-780,-780,-780
5,-480,-480,-480,-674,-674,-674
6,-523,-523,-523,-621,-621,-621
7,-370.5,-370.5,-370.5,-641,-641,-641
8,-499,-499,-499,-491.5,-491.5,-491.5
9,-572,-572,-572,-579,-579,-579
10,-541,-541,-541,-435.5,-435.5,-435.5
11,-535.5,-535.5,-535.5,-471,-471,-471
12,-489,-489,-489,-384.5,-384.5,-384.5
13,-587.5,-587.5,-587.5,-677.5,-677.5,-677.5
14,-591,-591,-591,-391,-391,-391
15,-573.5,-573.5,-573.5,-455.5,-455.5,-455.5
16,-506,-506,-506,-582.5,-582.5,-582.5
17,-581.5,-581.5,-581.5,-533,-533,-533
18,-485,-485,-485,-626,-626,-626
19,-594,-594,-594,-464.5,-464.5,-464.5
20,-528.5,-528.5,-528.5,-613,-613,-613
21,-386.5,-386.5,-386.5,-482.5,-482.5,-482.5
22,-588.5,-588.5,-588.5,-547,-547,-547
23,-589,-589,-589,-540.5,-540.5,-540.5
24,-628.5,-628.5,-628.5,-580,-580,-580
25,-413.5,-413.5,-413.5,-605,-605,-605
26,-534,-534,-534,-660,-660,-660
27,-567,-567,-567,-477,-477,-477
28,-428,-428,-428,-497.5,-497.5,-497.5
29,-378.5,-378.5,-378.5,-678.5,-678.5,-678.5
30,-497.5,-497.5,-497.5,-572,-572,-572
31,-571,-571,-571,-568.5,-568.5,-568.5
32,-456,-456,-456,-447.5,-447.5,-447.5
33,-439.5,-439.5,-439.5,-548.5,-548.5,-548.5
34,-472.5,-472.5,-472.5,-595.5,-595.5,-595.5
35,-634,-634,-634,-628.5,-628.5,-628.5
36,-287,-287,-287,-552.5,-552.5,-552.5
37,-482,-482,-482,-459.5,-459.5,-459.5
38,-464.5,-464.5,-464.5,-512.5,-512.5,-512.5
39,-523,-523,-523,-453.5,-453.5,-453.5
40,-522,-522,-522,-517,-517,-517
41,-631.5,-631.5,-631.5,-467,-467,-467
42,-719,-719,-719,-425.5,-425.5,-425.5
43,-441,-441,-441,-534,-534,-534
44,-567,-567,-567,-603,-603,-603
45,-522,-522,-522,-604.5,-604.5,-604.5
46,-457.5,-457.5,-457.5,-562,-562,-562
47,-432,-432,-432,-413,-413,-413
48,-589.5,-589.5,-589.5,-595,-595,-595
49,-540.5,-540.5,-540.5,-450,-450,-450
50,-598.5,-598.5,-598.5,-660,-660,-660
51,-679,-679,-679,-609.5,-609.5,-609.5
52,-447.5,-447.5,-447.5,-731,-731,-731
53,-536.5,-536.5,-536.5,-604.5,-604.5,-604.5
54,-476.5,-476.5,-476.5,-525,-525,-525
55,-540,-540,-540,-493.5,-493.5,-493.5
56,-477.5,-477.5,-477.5,-488,-488,-488
57,-555,-555,-555,-542.5,-542.5,-542.5
58,-325.5,-325.5,-325.5,-416,-416,-416
59,-522,-522,-522,-642,-642,-642
60,-485.5,-485.5,-485.5,-457.5,-457.5,-457.5
61,-433.5,-433.5,-433.5,-521,-521,-521
62,-483,-483,-483,-415.5,-415.5,-415.5
63,-558,-558,-558,-672,-672,-672
64,-473.5,-473.5,-473.5,-565,-565,-565
65,-513.5,-513.5,-513.5,-537.5,-537.5,-537.5
66,-359,-359,-359,-484,-484,-484
67,-494,-494,-494,-386,-386,-386
68,-643.5,-643.5,-643.5,-473.5,-473.5,-473.5
69,-523,-523,-523,-424,-424,-424
70,-507.5,-507.5,-507.5,-620,-620,-620
71,-518.5,-518.5,-518.5,-507,-507,-507
72,-579.5,-579.5,-579.5,-533,-533,-533
73,-654,-654,-654,-471,-471,-471
74,-561.5,-561.5,-561.5,-526,-526,-526
75,-354,-354,-354,-547,-547,-547
76,-414.5,-414.5,-414.5,-583,-583,-583
77,-495,-495,-495,-411.5,-411.5,-411.5
78,-576,-576,-576,-578,-578,-578
79,-522,-522,-522,-476.5,-476.5,-476.5
80,-686,-686,-686,-414.5,-414.5,-414.5
81,-639,-639,-639,-453.5,-453.5,-453.5
82,-551.5,-551.5,-551.5,-555,-555,-555
83,-432,-432,-432,-543.5,-543.5,-543.5
84,-420.5,-420.5,-420.5,-577,-577,-577
85,-467,-467,-467,-464,-464,-464
86,-449,-449,-449,-625.5,-625.5,-625.5
87,-530.5,-530.5,-530.5,-386,-386,-386
88,-492,-492,-492,-467.5,-467.5,-467.5
89,-473.5,-473.5,-473.5,-670,-670,-670
90,-473.5,-473.5,-473.5,-556,-556,-556
91,-600,-600,-600,-584.5,-584.5,-584.5
92,-481.5,-481.5,-481.5,-431.5,-431.5,-431.5
93,-570.5,-570.5,-570.5,-432.5,-432.5,-432.5
94,-613,-613,-613,-449,-449,-449
95,-578,-578,-578,-471,-471,-471
96,-496.5,-496.5,-496.5,-464.5,-464.5,-464.5
97,-537,-537,-537,-483,-483,-483
98,-513.5,-513.5,-513.5,-630.5,-630.5,-630.5
99,-594.5,-594.5,-594.5,-490.5,-490.5,-490.5
100,-376,-376,-376,-511,-511,-511
101,-417,-417,-417,-463.5,-463.5,-463.5
102,-519.5,-519.5,-519.5,-430,-430,-430
103,-408,-408,-408,-538,-538,-538
104,-430,-430,-430,-508.5,-508.5,-508.5
105,-558.5,-558.5,-558.5,-572.5,-572.5,-572.5
106,-631.5,-631.5,-631.5,-442,-442,-442
107,-456.5,-456.5,-456.5,-586,-586,-586
108,-629.5,-629.5,-629.5,-538.5,-538.5,-538.5
109,-544.5,-544.5,-544.5,-545,-545,-545
110,-459.5,-459.5,-459.5,-502.5,-502.5,-502.5
111,-278.5,-278.5,-278.5,-508.5,-508.5,-508.5
112,-497,-497,-497,-421,-421,-421
113,-474.5,-474.5,-474.5,-520,-520,-520
114,-423,-423,-423,-389.5,-389.5,-389.5
115,-516,-516,-516,-494,-494,-494
116,-598,-598,-598,-481,-481,-481
117,-616,-616,-616,-525.5,-525.5,-525.5
118,-550.5,-550.5,-550.5,-577,-577,-577
119,-496.5,-496.5,-496.5,-563,-563,-563
120,-492,-492,-492,-579,-579,-579
121,-500.5,-500.5,-500.5,-556.5,-556.5,-556.5
122,-567.5,-567.5,-567.5,-368.5,-368.5,-368.5
123,-486.5,-486.5,-486.5,-435,-435,-435
124,-655.5,-655.5,-655.5,-406,-406,-406
125,-585,-585,-585,-523.5,-523.5,-523.5
126,-492.5,-492.5,-492.5,-435,-435,-435
127,-456.5,-456.5,-456.5,-487.5,-487.5,-487.5
128,-444.5,-444.5,-444.5,-580.5,-580.5,-580.5
129,-471,-471,-471,-454,-454,-454
130,-688,-688,-688,-396.5,-396.5,-396.5
131,-421.5,-421.5,-421.5,-519,-519,-519
132,-602,-602,-602,-687,-687,-687
133,-557.5,-557.5,-557.5,-531.5,-531.5,-531.5
134,-437.5,-437.5,-437.5,-601,-601,-601
135,-492.5,-492.5,-492.5,-505.5,-505.5,-505.5
136,-482,-482,-482,-575.5,-575.5,-575.5
137,-379.5,-379.5,-379.5,-529.5,-529.5,-529.5
138,-648,-648,-648,-414,-414,-414
139,-415.5,-415.5,-415.5,-451.5,-451.5,-451.5
140,-483,-483,-483,-476,-476,-476
141,-619.5,-619.5,-619.5,-338.5,-338.5,-338.5
142,-428.5,-428.5,-428.5,-460,-460,-460
143,-469,-469,-469,-453.5,-453.5,-453.5
144,-445,-445,-445,-486,-486,-486
145,-622.5,-622.5,-622.5,-585,-585,-585
146,-543,-543,-543,-544.5,-544.5,-544.5
147,-490.5,-490.5,-490.5,-517,-517,-517
148,-431.5,-431.5,-431.5,-554.5,-554.5,-554.5
149,-506,-506,-506,-639,-639,-639
150,-600.5,-600.5,-600.5,-436.5,-436.5,-436.5
151,-528,-528,-528,-577.5,-577.5,-577.5
152,-505,-505,-505,-441,-441,-441
153,-632,-632,-632,-494,-494,-494
154,-485.5,-485.5,-485.5,-459.5,-459.5,-459.5
155,-391,-391,-391,-513,-513,-513
156,-556.5,-556.5,-556.5,-499.5,-499.5,-499.5
157,-485.5,-485.5,-485.5,-395.5,-395.5,-395.5
158,-525,-525,-525,-599,-599,-599
159,-397.5,-397.5,-397.5,-603,-603,-603
160,-468.5,-468.5,-468.5,-470,-470,-470
161,-564,-564,-564,-489.5,-489.5,-489.5
162,-487.5,-487.5,-487.5,-553.5,-553.5,-553.5
163,-584,-584,-584,-476,-476,-476
164,-436.5,-436.5,-436.5,-475,-475,-475
165,-481,-481,-481,-479,-479,-479
166,-387,-387,-387,-427.5,-427.5,-427.5
167,-459,-459,-459,-538,-538,-538
168,-427.5,-427.5,-427.5,-554.5,-554.5,-554.5
169,-448,-448,-448,-580.5,-580.5,-580.5
170,-434.5,-434.5,-434.5,-622,-622,-622
171,-679.5,-679.5,-679.5,-545,-545,-545
172,-455.5,-455.5,-455.5,-523,-523,-523
173,-577,-577,-577,-435.5,-435.5,-435.5
174,-541,-541,-541,-666,-666,-666
175,-301.5,-301.5,-301.5,-494.5,-494.5,-494.5
176,-550,-550,-550,-425.5,-425.5,-425.5
177,-471.5,-471.5,-471.5,-569,-569,-569
178,-429,-429,-429,-509.5,-509.5,-509.5
179,-560,-560,-560,-400.5,-400.5,-400.5
180,-471.5,-471.5,-471.5,-469.5,-469.5,-469.5
181,-485.5,-485.5,-485.5,-461,-461,-461
182,-394,-394,-394,-457.5,-457.5,-457.5
183,-404.5,-404.5,-404.5,-582.5,-582.5,-582.5
184,-391,-391,-391,-502.5,-502.5,-502.5
185,-430.5,-430.5,-430.5,-554.5,-554.5,-554.5
186,-527.5,-527.5,-527.5,-533.5,-533.5,-533.5
187,-448.5,-448.5,-448.5,-511.5,-511.5,-511.5
188,-369.5,-369.5,-369.5,-507,-507,-507
189,-565.5,-565.5,-565.5,-406.5,-406.5,-406.5
190,-432,-432,-432,-503,-503,-503
191,-512.5,-512.5,-512.5,-382.5,-382.5,-382.5
192,-424.5,-424.5,-424.5,-363,-363,-363
193,-424,-424,-424,-435.5,-435.5,-435.5
194,-601.5,-601.5,-601.5,-445.5,-445.5,-445.5
195,-546.5,-546.5,-546.5,-546.5,-546.5,-546.5
196,-698,-698,-698,-505.5,-505.5,-505.5
197,-512.5,-512.5,-512.5,-450.5,-450.5,-450.5
198,-623.5,-623.5,-623.5,-613,-613,-613
199,-370,-370,-370,-443,-443,-443
200,-488.5,-488.5,-488.5,-446,-446,-446
201,-472,-472,-472,-345,-345,-345
202,-476,-476,-476,-390.5,-390.5,-390.5
203,-608,-608,-608,-642.5,-642.5,-642.5
204,-384,-384,-384,-576,-576,-576
205,-493.5,-493.5,-493.5,-493.5,-493.5,-493.5
206,-311,-311,-311,-341.5,-341.5,-341.5
207,-377.5,-377.5,-377.5,-467,-467,-467
208,-472.5,-472.5,-472.5,-533.5,-533.5,-533.5
209,-521,-521,-521,-517,-517,-517
210,-380,-380,-380,-304,-304,-304
211,-439,-439,-439,-642,-642,-642
212,-502.5,-502.5,-502.5,-482,-482,-482
213,-618,-618,-618,-530,-530,-530
214,-447.5,-447.5,-447.5,-390,-390,-390
215,-427,-427,-427,-491.5,-491.5,-491.5
216,-590.5,-590.5,-590.5,-387,-387,-387
217,-428,-428,-428,-430,-430,-430
218,-390,-390,-390,-440.5,-440.5,-440.5
219,-320,-320,-320,-576.5,-576.5,-576.5
220,-520,-520,-520,-692,-692,-692
221,-409.5,-409.5,-409.5,-566.5,-566.5,-566.5
222,-472.5,-472.5,-472.5,-527,-527,-527
223,-529.5,-529.5,-529.5,-578.5,-578.5,-578.5
224,-496.5,-496.5,-496.5,-416.5,-416.5,-416.5
225,-493.5,-493.5,-493.5,-530,-530,-530
226,-515,-515,-515,-462.5,-462.5,-462.5
227,-490.5,-490.5,-490.5,-530,-530,-530
228,-451.5,-451.5,-451.5,-568.5,-568.5,-568.5
229,-469,-469,-469,-510,-510,-510
230,-533.5,-533.5,-533.5,-502,-502,-502
231,-563,-563,-563,-561.5,-561.5,-561.5
232,-474,-474,-474,-488,-488,-488
233,-624,-624,-624,-510.5,-510.5,-510.5
234,-444,-444,-444,-469,-469,-469
235,-528.5,-528.5,-528.5,-455,-455,-455
236,-594.5,-594.5,-594.5,-470,-470,-470
237,-497.5,-497.5,-497.5,-540,-540,-540
238,-378.5,-378.5,-378.5,-422.5,-422.5,-422.5
239,-386.5,-386.5,-386.5,-314,-314,-314
240,-550,-550,-550,-539,-539,-539
241,-383,-383,-383,-562,-562,-562
242,-386,-386,-386,-411.5,-411.5,-411.5
243,-431,-431,-431,-458,-458,-458
244,-351.5,-351.5,-351.5,-405,-405,-405
245,-501.5,-501.5,-501.5,-466.5,-466.5,-466.5
246,-498.5,-498.5,-498.5,-430,-430,-430
247,-470.5,-470.5,-470.5,-651.5,-651.5,-651.5
248,-557,-557,-557,-374.5,-374.5,-374.5
249,-393,-393,-393,-564,-564,-564
250,-481,-481,-481,-484,-484,-484
251,-420.5,-420.5,-420.5,-508.5,-508.5,-508.5
252,-485,-485,-485,-500,-500,-500
253,-536,-536,-536,-400.5,-400.5,-400.5
254,-418,-418,-418,-420.5,-420.5,-420.5
255,-462.5,-462.5,-462.5,-458,-458,-458
256,-448.5,-448.5,-448.5,-487.5,-487.5,-487.5
257,-746.5,-746.5,-746.5,-674.5,-674.5,-674.5
258,-543,-543,-543,-516,-516,-516
259,-480,-480,-480,-554.5,-554.5,-554.5
260,-295.5,-295.5,-295.5,-587.5,-587.5,-587.5
261,-452.5,-452.5,-452.5,-564.5,-564.5,-564.5
262,-454.5,-454.5,-454.5,-467.5,-467.5,-467.5
263,-456.5,-456.5,-456.5,-453.5,-453.5,-453.5
264,-439,-439,-439,-485,-485,-485
265,-475,-475,-475,-444.5,-444.5,-444.5
266,-545,-545,-545,-398.5,-398.5,-398.5
267,-339,-339,-339,-506,-506,-506
268,-569,-569,-569,-549.5,-549.5,-549.5
269,-313.5,-313.5,-313.5,-667,-667,-667
270,-452.5,-452.5,-452.5,-492,-492,-492
271,-429,-429,-429,-440,-440,-440
272,-636.5,-636.5,-636.5,-503,-503,-503
273,-464.5,-464.5,-464.5,-412.5,-412.5,-412.5
274,-439,-439,-439,-560.5,-560.5,-560.5
275,-480,-480,-480,-392.5,-392.5,-392.5
276,-463,-463,-463,-600.5,-600.5,-600.5
277,-550.5,-550.5,-550.5,-444,-444,-444
278,-553.5,-553.5,-553.5,-487,-487,-487
279,-569.5,-569.5,-569.5,-524.5,-524.5,-524.5
280,-513.5,-513.5,-513.5,-479.5,-479.5,-479.5
281,-317.5,-317.5,-317.5,-350.5,-350.5,-350.5
282,-540.5,-540.5,-540.5,-459.5,-459.5,-459.5
283,-486.5,-486.5,-486.5,-542.5,-542.5,-542.5
284,-450,-450,-450,-653.5,-653.5,-653.5
285,-498,-498,-498,-576.5,-576.5,-576.5
286,-430.5,-430.5,-430.5,-406,-406,-406
287,-489.5,-489.5,-489.5,-491.5,-491.5,-491.5
288,-477.5,-477.5,-477.5,-401.5,-401.5,-401.5
289,-445.5,-445.5,-445.5,-461,-461,-461
290,-501.5,-501.5,-501.5,-467.5,-467.5,-467.5
291,-444,-444,-444,-446.5,-446.5,-446.5
292,-537.5,-537.5,-537.5,-507,-507,-507
293,-492,-492,-492,-457,-457,-457
294,-409,-409,-409,-532,-532,-532
295,-392,-392,-392,-462,-462,-462
296,-337,-337,-337,-575,-575,-575
297,-454,-454,-454,-403,-403,-403
298,-441,-441,-441,-552,-552,-552
299,-538,-538,-538,-519,-519,-519
300,-585.5,-585.5,-585.5,-377,-377,-377
301,-447,-447,-447,-499,-499,-499
302,-461,-461,-461,-497,-497,-497
303,-453.5,-453.5,-453.5,-508,-508,-508
304,-395,-395,-395,-322.5,-322.5,-322.5
305,-491.5,-491.5,-491.5,-561,-561,-561
306,-518.5,-518.5,-518.5,-478.5,-478.5,-478.5
307,-334,-334,-334,-455,-455,-455
308,-446.5,-446.5,-446.5,-441,-441,-441
309,-439,-439,-439,-400.5,-400.5,-400.5
310,-379.5,-379.5,-379.5,-341,-341,-341
311,-406.5,-406.5,-406.5,-586.5,-586.5,-586.5
312,-420.5,-420.5,-420.5,-475.5,-475.5,-475.5
313,-336,-336,-336,-401,-401,-401
314,-703,-703,-703,-470,-470,-470
315,-492.5,-492.5,-492.5,-625,-625,-625
316,-470,-470,-470,-427.5,-427.5,-427.5
317,-352,-352,-352,-458,-458,-458
318,-481.5,-481.5,-481.5,-523.5,-523.5,-523.5
319,-398.5,-398.5,-398.5,-549.5,-549.5,-549.5
320,-591.5,-591.5,-591.5,-436,-436,-436
321,-621.5,-621.5,-621.5,-523,-523,-523
322,-407.5,-407.5,-407.5,-423.5,-423.5,-423.5
323,-484,-484,-484,-462,-462,-462
324,-632.5,-632.5,-632.5,-349,-349,-349
325,-465.5,-465.5,-465.5,-274.5,-274.5,-274.5
326,-323.5,-323.5,-323.5,-572.5,-572.5,-572.5
327,-318.5,-318.5,-318.5,-700.5,-700.5,-700.5
328,-590.5,-590.5,-590.5,-531.5,-531.5,-531.5
329,-303.5,-303.5,-303.5,-453.5,-453.5,-453.5
330,-380.5,-380.5,-380.5,-454,-454,-454
331,-464,-464,-464,-519,-519,-519
332,-415.5,-415.5,-415.5,-468.5,-468.5,-468.5
333,-394.5,-394.5,-394.5,-550,-550,-550
334,-372,-372,-372,-420.5,-420.5,-420.5
335,-478.5,-478.5,-478.5,-375.5,-375.5,-375.5
336,-278,-278,-278,-538.5,-538.5,-538.5
337,-405.5,-405.5,-405.5,-521,-521,-521
338,-627,-627,-627,-434,-434,-434
339,-564.5,-564.5,-564.5,-491,-491,-491
340,-363.5,-363.5,-363.5,-339.5,-339.5,-339.5
341,-452.5,-452.5,-452.5,-409.5,-409.5,-409.5
342,-481,-481,-481,-576,-576,-576
343,-519,-519,-519,-470.5,-470.5,-470.5
344,-497,-497,-497,-450.5,-450.5,-450.5
345,-396,-396,-396,-423,-423,-423
346,-515,-515,-515,-480,-480,-480
347,-450,-450,-450,-411,-411,-411
348,-492.5,-492.5,-492.5,-773,-773,-773
349,-448.5,-448.5,-448.5,-377.5,-377.5,-377.5
350,-329,-329,-329,-406,-406,-406
351,-455.5,-455.5,-455.5,-461,-461,-461
352,-305,-305,-305,-410.5,-410.5,-410.5
353,-455,-455,-455,-357,-357,-357
354,-335,-335,-335,-477.5,-477.5,-477.5
355,-513.5,-513.5,-513.5,-380.5,-380.5,-380.5
356,-471,-471,-471,-437.5,-437.5,-437.5
357,-275.5,-275.5,-275.5,-498.5,-498.5,-498.5
358,-410.5,-410.5,-410.5,-595.5,-595.5,-595.5
359,-740,-740,-740,-438,-438,-438
360,-732.5,-732.5,-732.5,-414,-414,-414
361,-418.5,-418.5,-418.5,-532.5,-532.5,-532.5
362,-386.5,-386.5,-386.5,-631.5,-631.5,-631.5
363,-521.5,-521.5,-521.5,-745,-745,-745
364,-392,-392,-392,-399.5,-399.5,-399.5
365,-433,-433,-433,-408,-408,-408
366,-534.5,-534.5,-534.5,-644.5,-644.5,-644.5
367,-332.5,-332.5,-332.5,-501,-501,-501
368,-458,-458,-458,-494,-494,-494
369,-405.5,-405.5,-405.5,-558.5,-558.5,-558.5
370,-439.5,-439.5,-439.5,-561.5,-561.5,-561.5
371,-376,-376,-376,-558.5,-558.5,-558.5
372,-365,-365,-365,-439.5,-439.5,-439.5
373,-431,-431,-431,-451.5,-451.5,-451.5
374,-524.5,-524.5,-524.5,-483,-483,-483
375,-543.5,-543.5,-543.5,-535.5,-535.5,-535.5
376,-497,-497,-497,-389.5,-389.5,-389.5
377,-371,-371,-371,-201,-201,-201
378,-600.5,-600.5,-600.5,-386.5,-386.5,-386.5
379,-477,-477,-477,-604,-604,-604
380,-403.5,-403.5,-403.5,-551.5,-551.5,-551.5
381,-438.5,-438.5,-438.5,-707,-707,-707
382,-586,-586,-586,-494,-494,-494
383,-335.5,-335.5,-335.5,-347,-347,-347
384,-470.5,-470.5,-470.5,-403.5,-403.5,-403.5
385,-415,-415,-415,-560.5,-560.5,-560.5
386,-481,-481,-481,-402,-402,-402
387,-327.5,-327.5,-327.5,-405.5,-405.5,-405.5
388,-461.5,-461.5,-461.5,-544.5,-544.5,-544.5
389,-332,-332,-332,-459.5,-459.5,-459.5
390,-589.5,-589.5,-589.5,-433,-433,-433
391,-438,-438,-438,-480.5,-480.5,-480.5
392,-455.5,-455.5,-455.5,-603,-603,-603
393,-415.5,-415.5,-415.5,-321.5,-321.5,-321.5
394,-396,-396,-396,-494,-494,-494
395,-350,-350,-350,-398,-398,-398
396,-569,-569,-569,-475.5,-475.5,-475.5
397,-315.5,-315.5,-315.5,-596.5,-596.5,-596.5
398,-329,-329,-329,-409.5,-409.5,-409.5
399,-445.5,-445.5,-445.5,-463,-463,-463
400,-345,-345,-345,-550,-550,-550
401,-660,-660,-660,-395,-395,-395
402,-366,-366,-366,-407,-407,-407
403,-469.5,-469.5,-469.5,-406.5,-406.5,-406.5
404,-380,-380,-380,-488.5,-488.5,-488.5
405,-416.5,-416.5,-416.5,-345.5,-345.5,-345.5
406,-516.5,-516.5,-516.5,-575.5,-575.5,-575.5
407,-426,-426,-426,-626,-626,-626
408,-360.5,-360.5,-360.5,-545.5,-545.5,-545.5
409,-389,-389,-389,-480.5,-480.5,-480.5
410,-636,-636,-636,-236,-236,-236
411,-520.5,-520.5,-520.5,-516,-516,-516
412,-461.5,-461.5,-461.5,-427,-427,-427
413,-505,-505,-505,-612.5,-612.5,-612.5
414,-447,-447,-447,-457,-457,-457
415,-518.5,-518.5,-518.5,-402,-402,-402
416,-522.5,-522.5,-522.5,-524,-524,-524
417,-381,-381,-381,-522,-522,-522
418,-525,-525,-525,-386,-386,-386
419,-371.5,-371.5,-371.5,-518.5,-518.5,-518.5
420,-475.5,-475.5,-475.5,-469.5,-469.5,-469.5
421,-603,-603,-603,-465.5,-465.5,-465.5
422,-359,-359,-359,-430,-430,-430
423,-459,-459,-459,-547.5,-547.5,-547.5
424,-457.5,-457.5,-457.5,-468.5,-468.5,-468.5
425,-388.5,-388.5,-388.5,-401.5,-401.5,-401.5
426,-457,-457,-457,-377,-377,-377
427,-299.5,-299.5,-299.5,-449.5,-449.5,-449.5
428,-289.5,-289.5,-289.5,-621,-621,-621
429,-360,-360,-360,-310.5,-310.5,-310.5
430,-539,-539,-539,-559,-559,-559
431,-370.5,-370.5,-370.5,-522.5,-522.5,-522.5
432,-416.5,-416.5,-416.5,-499.5,-499.5,-499.5
433,-425.5,-425.5,-425.5,-329.5,-329.5,-329.5
434,-503.5,-503.5,-503.5,-424.5,-424.5,-424.5
435,-445.5,-445.5,-445.5,-422.5,-422.5,-422.5
436,-522,-522,-522,-332.5,-332.5,-332.5
437,-485,-485,-485,-579,-579,-579
438,-486.5,-486.5,-486.5,-622,-622,-622
439,-571,-571,-571,-560.5,-560.5,-560.5
440,-496.5,-496.5,-496.5,-430.5,-430.5,-430.5
441,-444.5,-444.5,-444.5,-527,-527,-527
442,-384,-384,-384,-459,-459,-459
443,-428.5,-428.5,-428.5,-473,-473,-473
444,-573,-573,-573,-423.5,-423.5,-423.5
445,-297.5,-297.5,-297.5,-517.5,-517.5,-517.5
446,-344,-344,-344,-467.5,-467.5,-467.5
447,-425.5,-425.5,-425.5,-481,-481,-481
448,-378.5,-378.5,-378.5,-546.5,-546.5,-546.5
449,-460.5,-460.5,-460.5,-502,-502,-502
450,-437.5,-437.5,-437.5,-462,-462,-462
451,-386.5,-386.5,-386.5,-520,-520,-520
452,-421,-421,-421,-496,-496,-496
453,-358,-358,-358,-443,-443,-443
454,-304.5,-304.5,-304.5,-447.5,-447.5,-447.5
455,-438.5,-438.5,-438.5,-403,-403,-403
456,-380.5,-380.5,-380.5,-413,-413,-413
457,-446.5,-446.5,-446.5,-421.5,-421.5,-421.5
458,-373,-373,-373,-553,-553,-553
459,-392,-392,-392,-507,-507,-507
460,-410,-410,-410,-303.5,-303.5,-303.5
461,-441.5,-441.5,-441.5,-469,-469,-469
462,-444,-444,-444,-322,-322,-322
463,-396,-396,-396,-493.5,-493.5,-493.5
464,-450,-450,-450,-343,-343,-343
465,-300.5,-300.5,-300.5,-470,-470,-470
466,-430,-430,-430,-374.5,-374.5,-374.5
467,-486.5,-486.5,-486.5,-392,-392,-392
468,-493.5,-493.5,-493.5,-446.5,-446.5,-446.5
469,-297.5,-297.5,-297.5,-460.5,-460.5,-460.5
470,-552,-552,-552,-564,-564,-564
471,-404.5,-404.5,-404.5,-470.5,-470.5,-470.5
472,-420.5,-420.5,-420.5,-550.5,-550.5,-550.5
473,-551,-551,-551,-545.5,-545.5,-545.5
474,-422.5,-422.5,-422.5,-464.5,-464.5,-464.5
475,-368.5,-368.5,-368.5,-372,-372,-372
476,-393,-393,-393,-448.5,-448.5,-448.5
477,-451.5,-451.5,-451.5,-579,-579,-579
478,-402.5,-402.5,-402.5,-485,-485,-485
479,-278,-278,-278,-496,-496,-496
480,-423,-423,-423,-389.5,-389.5,-389.5
481,-406,-406,-406,-378,-378,-378
482,-312,-312,-312,-448,-448,-448
483,-415,-415,-415,-565,-565,-565
484,-340,-340,-340,-385.5,-385.5,-385.5
485,-355,-355,-355,-564.5,-564.5,-564.5
486,-355,-355,-355,-268,-268,-268
487,-324,-324,-324,-337.5,-337.5,-337.5
488,-545,-545,-545,-397,-397,-397
489,-398,-398,-398,-369,-369,-369
490,-425.5,-425.5,-425.5,-530,-530,-530
491,-309,-309,-309,-434.5,-434.5,-434.5
492,-403,-403,-403,-259,-259,-259
493,-569.5,-569.5,-569.5,-480.5,-480.5,-480.5
494,-365.5,-365.5,-365.5,-375,-375,-375
495,-336,-336,-336,-426.5,-426.5,-426.5
496,-298,-298,-298,-450.5,-450.5,-450.5
497,-387,-387,-387,-372.5,-372.5,-372.5
498,-478,-478,-478,-501.5,-501.5,-501.5
499,-453.5,-453.5,-453.5,-422,-422,-422
500,-511,-511,-511,-526,-526,-526
501,-631.5,-631.5,-631.5,-464.5,-464.5,-464.5
502,-384,-384,-384,-388.5,-388.5,-388.5
503,-638.5,-638.5,-638.5,-409.5,-409.5,-409.5
504,-496,-496,-496,-308.5,-308.5,-308.5
505,-383.5,-383.5,-383.5,-464.5,-464.5,-464.5
506,-335,-335,-335,-456,-456,-456
507,-484,-484,-484,-434.5,-434.5,-434.5
508,-300,-300,-300,-387,-387,-387
509,-418.5,-418.5,-418.5,-458,-458,-458
510,-458,-458,-458,-342.5,-342.5,-342.5
511,-469.5,-469.5,-469.5,-347.5,-347.5,-347.5
512,-525,-525,-525,-582.5,-582.5,-582.5
513,-342.5,-342.5,-342.5,-304,-304,-304
514,-322.5,-322.5,-322.5,-405.5,-405.5,-405.5
515,-414.5,-414.5,-414.5,-354,-354,-354
516,-404,-404,-404,-598.5,-598.5,-598.5
517,-394.5,-394.5,-394.5,-582,-582,-582
518,-438,-438,-438,-457.5,-457.5,-457.5
519,-360.5,-360.5,-360.5,-376.5,-376.5,-376.5
520,-386.5,-386.5,-386.5,-303,-303,-303
521,-459.5,-459.5,-459.5,-388.5,-388.5,-388.5
522,-385.5,-385.5,-385.5,-505.5,-505.5,-505.5
523,-401,-401,-401,-465,-465,-465
524,-472.5,-472.5,-472.5,-425.5,-425.5,-425.5
525,-427.5,-427.5,-427.5,-430.5,-430.5,-430.5
526,-419.5,-419.5,-419.5,-483,-483,-483
527,-490.5,-490.5,-490.5,-429,-429,-429
528,-400.5,-400.5,-400.5,-573,-573,-573
529,-492.5,-492.5,-492.5,-303.5,-303.5,-303.5
530,-481.5,-481.5,-481.5,-442.5,-442.5,-442.5
531,-446.5,-446.5,-446.5,-377.5,-377.5,-377.5
532,-456,-456,-456,-416,-416,-416
533,-403.5,-403.5,-403.5,-487,-487,-487
534,-533.5,-533.5,-533.5,-479,-479,-479
535,-447.5,-447.5,-447.5,-332,-332,-332
536,-333,-333,-333,-374,-374,-374
537,-354.5,-354.5,-354.5,-394.5,-394.5,-394.5
538,-419,-419,-419,-593,-593,-593
539,-360.5,-360.5,-360.5,-455,-455,-455
540,-435.5,-435.5,-435.5,-431.5,-431.5,-431.5
541,-334.5,-334.5,-334.5,-382.5,-382.5,-382.5
542,-561,-561,-561,-422,-422,-422
543,-363.5,-363.5,-363.5,-513.5,-513.5,-513.5
544,-338,-338,-338,-398,-398,-398
545,-480,-480,-480,-531,-531,-531
546,-492,-492,-492,-320,-320,-320
547,-283,-283,-283,-350,-350,-350
548,-485,-485,-485,-405,-405,-405
549,-470.5,-470.5,-470.5,-380,-380,-380
550,-403.5,-403.5,-403.5,-441.5,-441.5,-441.5
551,-393,-393,-393,-492.5,-492.5,-492.5
552,-391.5,-391.5,-391.5,-808,-808,-808
553,-494,-494,-494,-565,-565,-565
554,-458.5,-458.5,-458.5,-437.5,-437.5,-437.5
555,-490,-490,-490,-331.5,-331.5,-331.5
556,-544.5,-544.5,-544.5,-643,-643,-643
557,-444.5,-444.5,-444.5,-497,-497,-497
558,-420,-420,-420,-452,-452,-452
559,-381,-381,-381,-404.5,-404.5,-404.5
560,-277,-277,-277,-453,-453,-453
561,-428.5,-428.5,-428.5,-404.5,-404.5,-404.5
562,-558.5,-558.5,-558.5,-390,-390,-390
563,-363,-363,-363,-430,-430,-430
564,-487,-487,-487,-404,-404,-404
565,-411.5,-411.5,-411.5,-373.5,-373.5,-373.5
566,-443,-443,-443,-494.5,-494.5,-494.5
567,-363.5,-363.5,-363.5,-443.5,-443.5,-443.5
568,-317,-317,-317,-403,-403,-403
569,-356.5,-356.5,-356.5,-554.5,-554.5,-554.5
570,-457,-457,-457,-425.5,-425.5,-425.5
571,-361.5,-361.5,-361.5,-341.5,-341.5,-341.5
572,-421,-421,-421,-487.5,-487.5,-487.5
573,-395.5,-395.5,-395.5,-350,-350,-350
574,-554,-554,-554,-409.5,-409.5,-409.5
575,-547,-547,-547,-478,-478,-478
576,-502.5,-502.5,-502.5,-598.5,-598.5,-598.5
577,-399,-399,-399,-610.5,-610.5,-610.5
578,-452,-452,-452,-339,-339,-339
579,-355,-355,-355,-399.5,-399.5,-399.5
580,-321.5,-321.5,-321.5,-497,-497,-497
581,-382.5,-382.5,-382.5,-375,-375,-375
582,-250,-250,-250,-480.5,-480.5,-480.5
583,-520.5,-520.5,-520.5,-350.5,-350.5,-350.5
584,-525.5,-525.5,-525.5,-431,-431,-431
585,-313.5,-313.5,-313.5,-331.5,-331.5,-331.5
586,-461,-461,-461,-574,-574,-574
587,-337,-337,-337,-494,-494,-494
588,-418,-418,-418,-433,-433,-433
589,-430.5,-430.5,-430.5,-356,-356,-356
590,-341,-341,-341,-465,-465,-465
591,-295,-295,-295,-317.5,-317.5,-317.5
592,-281.5,-281.5,-281.5,-490.5,-490.5,-490.5
593,-295,-295,-295,-387,-387,-387
594,-478.5,-478.5,-478.5,-389,-389,-389
595,-382.5,-382.5,-382.5,-532,-532,-532
596,-304.5,-304.5,-304.5,-338,-338,-338
597,-411.5,-411.5,-411.5,-452.5,-452.5,-452.5
598,-310.5,-310.5,-310.5,-502,-502,-502
599,-449,-449,-449,-385,-385,-385
600,-323,-323,-323,-327.5,-327.5,-327.5
601,-494.5,-494.5,-494.5,-489.5,-489.5,-489.5
602,-410.5,-410.5,-410.5,-375.5,-375.5,-375.5
603,-474,-474,-474,-398.5,-398.5,-398.5
604,-263,-263,-263,-271,-271,-271
605,-349,-349,-349,-487.5,-487.5,-487.5
606,-402.5,-402.5,-402.5,-494,-494,-494
607,-577,-577,-577,-496,-496,-496
608,-375.5,-375.5,-375.5,-383,-383,-383
609,-416.5,-416.5,-416.5,-475.5,-475.5,-475.5
610,-443.5,-443.5,-443.5,-452.5,-452.5,-452.5
611,-424.5,-424.5,-424.5,-558.5,-558.5,-558.5
612,-354,-354,-354,-343.5,-343.5,-343.5
613,-489.5,-489.5,-489.5,-466.5,-466.5,-466.5
614,-402,-402,-402,-269,-269,-269
615,-486.5,-486.5,-486.5,-375.5,-375.5,-375.5
616,-371,-371,-371,-416,-416,-416
617,-590.5,-590.5,-590.5,-378,-378,-378
618,-412.5,-412.5,-412.5,-577.5,-577.5,-577.5
619,-336.5,-336.5,-336.5,-348.5,-348.5,-348.5
620,-483.5,-483.5,-483.5,-518.5,-518.5,-518.5
621,-276.5,-276.5,-276.5,-447.5,-447.5,-447.5
622,-296,-296,-296,-396,-396,-396
623,-590,-590,-590,-421.5,-421.5,-421.5
624,-512,-512,-512,-402,-402,-402
625,-430,-430,-430,-316.5,-316.5,-316.5
626,-419,-419,-419,-576.5,-576.5,-576.5
627,-550,-550,-550,-452.5,-452.5,-452.5
628,-513,-513,-513,-386,-386,-386
629,-586,-586,-586,-395,-395,-395
630,-489.5,-489.5,-489.5,-740,-740,-740
631,-537.5,-537.5,-537.5,-561,-561,-561
632,-481.5,-481.5,-481.5,-212,-212,-212
633,-263.5,-263.5,-263.5,-453,-453,-453
634,-406.5,-406.5,-406.5,-407.5,-407.5,-407.5
635,-373.5,-373.5,-373.5,-548.5,-548.5,-548.5
636,-518,-518,-518,-420,-420,-420
637,-303.5,-303.5,-303.5,-286.5,-286.5,-286.5
638,-259.5,-259.5,-259.5,-434.5,-434.5,-434.5
639,-415.5,-415.5,-415.5,-395.5,-395.5,-395.5
640,-546,-546,-546,-475,-475,-475
641,-571.5,-571.5,-571.5,-404.5,-404.5,-404.5
642,-360.5,-360.5,-360.5,-374,-374,-374
643,-416.5,-416.5,-416.5,-376.5,-376.5,-376.5
644,-501,-501,-501,-387,-387,-387
645,-480.5,-480.5,-480.5,-289.5,-289.5,-289.5
646,-373,-373,-373,-465,-465,-465
647,-449.5,-449.5,-449.5,-412,-412,-412
648,-566,-566,-566,-574.5,-574.5,-574.5
649,-564.5,-564.5,-564.5,-429,-429,-429
650,-605.5,-605.5,-605.5,-351.5,-351.5,-351.5
651,-318.5,-318.5,-318.5,-406.5,-406.5,-406.5
652,-670.5,-670.5,-670.5,-431.5,-431.5,-431.5
653,-295.5,-295.5,-295.5,-336.5,-336.5,-336.5
654,-420,-420,-420,-374,-374,-374
655,-320.5,-320.5,-320.5,-378,-378,-378
656,-585,-585,-585,-539,-539,-539
657,-420.5,-420.5,-420.5,-519.5,-519.5,-519.5
658,-323.5,-323.5,-323.5,-383,-383,-383
659,-356,-356,-356,-427,-427,-427
660,-417,-417,-417,-381,-381,-381
661,-494,-494,-494,-415.5,-415.5,-415.5
662,-373.5,-373.5,-373.5,-508,-508,-508
663,-387,-387,-387,-412,-412,-412
664,-366.5,-366.5,-366.5,-340.5,-340.5,-340.5
665,-263,-263,-263,-490,-490,-490
666,-409.5,-409.5,-409.5,-400.5,-400.5,-400.5
667,-381.5,-381.5,-381.5,-484,-484,-484
668,-331.5,-331.5,-331.5,-387,-387,-387
669,-362,-362,-362,-510,-510,-510
670,-355,-355,-355,-318.5,-318.5,-318.5
671,-433.5,-433.5,-433.5,-445,-445,-445
672,-456.5,-456.5,-456.5,-344,-344,-344
673,-302,-302,-302,-619.5,-619.5,-619.5
674,-381,-381,-381,-379.5,-379.5,-379.5
675,-439.5,-439.5,-439.5,-433.5,-433.5,-433.5
676,-390.5,-390.5,-390.5,-581.5,-581.5,-581.5
677,-583,-583,-583,-321.5,-321.5,-321.5
678,-590.5,-590.5,-590.5,-321,-321,-321
679,-464,-464,-464,-326,-326,-326
680,-407.5,-407.5,-407.5,-427,-427,-427
681,-356,-356,-356,-391,-391,-391
682,-363,-363,-363,-458,-458,-458
683,-325.5,-325.5,-325.5,-373.5,-373.5,-373.5
684,-356.5,-356.5,-356.5,-391.5,-391.5,-391.5
685,-409.5,-409.5,-409.5,-377.5,-377.5,-377.5
686,-343.5,-343.5,-343.5,-372.5,-372.5,-372.5
687,-475,-475,-475,-468,-468,-468
688,-404.5,-404.5,-404.5,-332.5,-332.5,-332.5
689,-309,-309,-309,-431,-431,-431
690,-593.5,-593.5,-593.5,-291,-291,-291
691,-614,-614,-614,-248,-248,-248
692,-297.5,-297.5,-297.5,-517,-517,-517
693,-532.5,-532.5,-532.5,-244.5,-244.5,-244.5
694,-586,-586,-586,-393,-393,-393
695,-380.5,-380.5,-380.5,-388.5,-388.5,-388.5
696,-391,-391,-391,-462.5,-462.5,-462.5
697,-386.5,-386.5,-386.5,-397.5,-397.5,-397.5
698,-510,-510,-510,-377.5,-377.5,-377.5
699,-355.5,-355.5,-355.5,-398.5,-398.5,-398.5
700,-329,-329,-329,-377.5,-377.5,-377.5
701,-256,-256,-256,-372.5,-372.5,-372.5
702,-247.5,-247.5,-247.5,-431,-431,-431
703,-503.5,-503.5,-503.5,-493,-493,-493
704,-312.5,-312.5,-312.5,-480,-480,-480
705,-438,-438,-438,-373,-373,-373
706,-441,-441,-441,-444.5,-444.5,-444.5
707,-267.5,-267.5,-267.5,-470.5,-470.5,-470.5
708,-624.5,-624.5,-624.5,-422.5,-422.5,-422.5
709,-263,-263,-263,-354,-354,-354
710,-401.5,-401.5,-401.5,-450.5,-450.5,-450.5
711,-287,-287,-287,-341.5,-341.5,-341.5
712,-431.5,-431.5,-431.5,-386,-386,-386
713,-449,-449,-449,-550,-550,-550
714,-544.5,-544.5,-544.5,-395,-395,-395
715,-398.5,-398.5,-398.5,-424,-424,-424
716,-335.5,-335.5,-335.5,-349,-349,-349
717,-326.5,-326.5,-326.5,-389.5,-389.5,-389.5
718,-429.5,-429.5,-429.5,-492,-492,-492
719,-282.5,-282.5,-282.5,-452,-452,-452
720,-353,-353,-353,-600,-600,-600
721,-300.5,-300.5,-300.5,-492.5,-492.5,-492.5
722,-346.5,-346.5,-346.5,-401.5,-401.5,-401.5
723,-259,-259,-259,-423.5,-423.5,-423.5
724,-581,-581,-581,-288,-288,-288
725,-398.5,-398.5,-398.5,-408.5,-408.5,-408.5
726,-545.5,-545.5,-545.5,-515.5,-515.5,-515.5
727,-711,-711,-711,-413,-413,-413
728,-426,-426,-426,-426.5,-426.5,-426.5
729,-402.5,-402.5,-402.5,-453.5,-453.5,-453.5
730,-278.5,-278.5,-278.5,-462,-462,-462
731,-530,-530,-530,-472.5,-472.5,-472.5
732,-472.5,-472.5,-472.5,-381.5,-381.5,-381.5
733,-475,-475,-475,-412,-412,-412
734,-353,-353,-353,-431,-431,-431
735,-458.5,-458.5,-458.5,-333,-333,-333
736,-417.5,-417.5,-417.5,-357.5,-357.5,-357.5
737,-434.5,-434.5,-434.5,-443.5,-443.5,-443.5
738,-360,-360,-360,-411,-411,-411
739,-607,-607,-607,-305,-305,-305
740,-498,-498,-498,-603.5,-603.5,-603.5
741,-397.5,-397.5,-397.5,-268.5,-268.5,-268.5
742,-408.5,-408.5,-408.5,-414.5,-414.5,-414.5
743,-315.5,-315.5,-315.5,-369,-369,-369
744,-370.5,-370.5,-370.5,-366,-366,-366
745,-404.5,-404.5,-404.5,-342,-342,-342
746,-348.5,-348.5,-348.5,-481,-481,-481
747,-453.5,-453.5,-453.5,-409,-409,-409
748,-302.5,-302.5,-302.5,-461.5,-461.5,-461.5
749,-337.5,-337.5,-337.5,-362,-362,-362
750,-491.5,-491.5,-491.5,-409.5,-409.5,-409.5
751,-325.5,-325.5,-325.5,-372.5,-372.5,-372.5
752,-398.5,-398.5,-398.5,-301,-301,-301
753,-447.5,-447.5,-447.5,-394,-394,-394
754,-311,-311,-311,-389,-389,-389
755,-284.5,-284.5,-284.5,-373,-373,-373
756,-480.5,-480.5,-480.5,-323,-323,-323
757,-578.5,-578.5,-578.5,-438,-438,-438
758,-455,-455,-455,-335.5,-335.5,-335.5
759,-361,-361,-361,-500.5,-500.5,-500.5
760,-487,-487,-487,-408,-408,-408
761,-438,-438,-438,-360.5,-360.5,-360.5
762,-477,-477,-477,-621.5,-621.5,-621.5
763,-494,-494,-494,-307.5,-307.5,-307.5
764,-300.5,-300.5,-300.5,-404.5,-404.5,-404.5
765,-348.5,-348.5,-348.5,-399,-399,-399
766,-270,-270,-270,-299.5,-299.5,-299.5
767,-217,-217,-217,-299.5,-299.5,-299.5
768,-255.5,-255.5,-255.5,-664,-664,-664
769,-361,-361,-361,-369,-369,-369
770,-391.5,-391.5,-391.5,-490.5,-490.5,-490.5
771,-326.5,-326.5,-326.5,-462,-462,-462
772,-393.5,-393.5,-393.5,-390.5,-390.5,-390.5
773,-418.5,-418.5,-418.5,-375.5,-375.5,-375.5
774,-321.5,-321.5,-321.5,-214.5,-214.5,-214.5
775,-332,-332,-332,-398,-398,-398
776,-452.5,-452.5,-452.5,-517.5,-517.5,-517.5
777,-421.5,-421.5,-421.5,-369,-369,-369
778,-382.5,-382.5,-382.5,-799,-799,-799
779,-371,-371,-371,-447,-447,-447
780,-551,-551,-551,-235,-235,-235
781,-314,-314,-314,-540.5,-540.5,-540.5
782,-330,-330,-330,-297,-297,-297
783,-403.5,-403.5,-403.5,-257.5,-257.5,-257.5
784,-459.5,-459.5,-459.5,-356,-356,-356
785,-318,-318,-318,-374,-374,-374
786,-375.5,-375.5,-375.5,-394.5,-394.5,-394.5
787,-419,-419,-419,-372.5,-372.5,-372.5
788,-356.5,-356.5,-356.5,-513,-513,-513
789,-298,-298,-298,-415.5,-415.5,-415.5
790,-359.5,-359.5,-359.5,-542.5,-542.5,-542.5
791,-286,-286,-286,-393,-393,-393
792,-389,-389,-389,-323.5,-323.5,-323.5
793,-469.5,-469.5,-469.5,-514.5,-514.5,-514.5
794,-458.5,-458.5,-458.5,-520,-520,-520
795,-450,-450,-450,-432,-432,-432
796,-371.5,-371.5,-371.5,-418,-418,-418
797,-344.5,-344.5,-344.5,-481.5,-481.5,-481.5
798,-463.5,-463.5,-463.5,-511.5,-511.5,-511.5
799,-295.5,-295.5,-295.5,-399,-399,-399
800,-287.5,-287.5,-287.5,-429.5,-429.5,-429.5
801,-400,-400,-400,-263.5,-263.5,-263.5
802,-459.5,-459.5,-459.5,-416.5,-416.5,-416.5
803,-377.5,-377.5,-377.5,-460.5,-460.5,-460.5
804,-459,-459,-459,-444.5,-444.5,-444.5
805,-311.5,-311.5,-311.5,-483.5,-483.5,-483.5
806,-334,-334,-334,-348.5,-348.5,-348.5
807,-257.5,-257.5,-257.5,-454.5,-454.5,-454.5
808,-355,-355,-355,-431.5,-431.5,-431.5
809,-472,-472,-472,-422.5,-422.5,-422.5
810,-366.5,-366.5,-366.5,-321,-321,-321
811,-264.5,-264.5,-264.5,-410,-410,-410
812,-418.5,-418.5,-418.5,-289,-289,-289
813,-330,-330,-330,-544.5,-544.5,-544.5
814,-476,-476,-476,-311.5,-311.5,-311.5
815,-576,-576,-576,-477.5,-477.5,-477.5
816,-351.5,-351.5,-351.5,-401,-401,-401
817,-558,-558,-558,-452,-452,-452
818,-412.5,-412.5,-412.5,-384.5,-384.5,-384.5
819,-411,-411,-411,-507,-507,-507
820,-350.5,-350.5,-350.5,-340,-340,-340
821,-357,-357,-357,-289.5,-289.5,-289.5
822,-356,-356,-356,-325,-325,-325
823,-342.5,-342.5,-342.5,-527,-527,-527
824,-284,-284,-284,-405.5,-405.5,-405.5
825,-518.5,-518.5,-518.5,-333.5,-333.5,-333.5
826,-354.5,-354.5,-354.5,-375.5,-375.5,-375.5
827,-418,-418,-418,-397,-397,-397
828,-381,-381,-381,-378,-378,-378
829,-476,-476,-476,-317.5,-317.5,-317.5
830,-393,-393,-393,-459.5,-459.5,-459.5
831,-320,-320,-320,-454.5,-454.5,-454.5
832,-385.5,-385.5,-385.5,-316,-316,-316
833,-381.5,-381.5,-381.5,-503.5,-503.5,-503.5
834,-422.5,-422.5,-422.5,-368,-368,-368
835,-275,-275,-275,-499.5,-499.5,-499.5
836,-353,-353,-353,-516.5,-516.5,-516.5
837,-324.5,-324.5,-324.5,-336.5,-336.5,-336.5
838,-404,-404,-404,-535.5,-535.5,-535.5
839,-362.5,-362.5,-362.5,-336.5,-336.5,-336.5
840,-423,-423,-423,-451.5,-451.5,-451.5
841,-594.5,-594.5,-594.5,-521,-521,-521
842,-503.5,-503.5,-503.5,-363,-363,-363
843,-349,-349,-349,-446,-446,-446
844,-457,-457,-457,-328,-328,-328
845,-309.5,-309.5,-309.5,-330.5,-330.5,-330.5
846,-368,-368,-368,-332,-332,-332
847,-318,-318,-318,-209.5,-209.5,-209.5
848,-400.5,-400.5,-400.5,-561,-561,-561
849,-438,-438,-438,-336,-336,-336
850,-321.5,-321.5,-321.5,-434,-434,-434
851,-405.5,-405.5,-405.5,-377.5,-377.5,-377.5
852,-429,-429,-429,-482.5,-482.5,-482.5
853,-347.5,-347.5,-347.5,-383,-383,-383
854,-457,-457,-457,-408.5,-408.5,-408.5
855,-386.5,-386.5,-386.5,-482,-482,-482
856,-508,-508,-508,-321,-321,-321
857,-476,-476,-476,-351.5,-351.5,-351.5
858,-363,-363,-363,-328,-328,-328
859,-396.5,-396.5,-396.5,-556.5,-556.5,-556.5
860,-482.5,-482.5,-482.5,-390.5,-390.5,-390.5
861,-500,-500,-500,-370.5,-370.5,-370.5
862,-316.5,-316.5,-316.5,-464.5,-464.5,-464.5
863,-298,-298,-298,-270,-270,-270
864,-420,-420,-420,-491,-491,-491
865,-412.5,-412.5,-412.5,-463.5,-463.5,-463.5
866,-284,-284,-284,-390,-390,-390
867,-288.5,-288.5,-288.5,-564.5,-564.5,-564.5
868,-359.5,-359.5,-359.5,-418,-418,-418
869,-492,-492,-492,-373.5,-373.5,-373.5
870,-361.5,-361.5,-361.5,-321,-321,-321
871,-451.5,-451.5,-451.5,-589,-589,-589
872,-377,-377,-377,-246.5,-246.5,-246.5
873,-323.5,-323.5,-323.5,-512.5,-512.5,-512.5
874,-442.5,-442.5,-442.5,-436.5,-436.5,-436.5
875,-477,-477,-477,-666,-666,-666
876,-356,-356,-356,-442,-442,-442
877,-313.5,-313.5,-313.5,-348.5,-348.5,-348.5
878,-325.5,-325.5,-325.5,-635,-635,-635
879,-436,-436,-436,-405.5,-405.5,-405.5
880,-476,-476,-476,-563,-563,-563
881,-535.5,-535.5,-535.5,-412,-412,-412
882,-459,-459,-459,-447,-447,-447
883,-477,-477,-477,-396.5,-396.5,-396.5
884,-340.5,-340.5,-340.5,-396.5,-396.5,-396.5
885,-565.5,-565.5,-565.5,-567,-567,-567
886,-372.5,-372.5,-372.5,-444,-444,-444
887,-465,-465,-465,-678,-678,-678
888,-594,-594,-594,-228.5,-228.5,-228.5
889,-495.5,-495.5,-495.5,-404.5,-404.5,-404.5
890,-407.5,-407.5,-407.5,-369.5,-369.5,-369.5
891,-498,-498,-498,-415,-415,-415
892,-420,-420,-420,-393.5,-393.5,-393.5
893,-345.5,-345.5,-345.5,-490.5,-490.5,-490.5
894,-487,-487,-487,-440,-440,-440
895,-494.5,-494.5,-494.5,-402,-402,-402
896,-531,-531,-531,-392,-392,-392
897,-333,-333,-333,-422,-422,-422
898,-287.5,-287.5,-287.5,-410.5,-410.5,-410.5
899,-368,-368,-368,-342,-342,-342
900,-698,-698,-698,-420,-420,-420
901,-456,-456,-456,-505,-505,-505
902,-417.5,-417.5,-417.5,-515,-515,-515
903,-270.5,-270.5,-270.5,-386,-386,-386
904,-512,-512,-512,-397.5,-397.5,-397.5
905,-391,-391,-391,-657.5,-657.5,-657.5
906,-373.5,-373.5,-373.5,-515.5,-515.5,-515.5
907,-537,-537,-537,-387,-387,-387
908,-305.5,-305.5,-305.5,-316,-316,-316
909,-339.5,-339.5,-339.5,-538.5,-538.5,-538.5
910,-445.5,-445.5,-445.5,-442,-442,-442
911,-397,-397,-397,-567,-567,-567
912,-281,-281,-281,-429,-429,-429
913,-394.5,-394.5,-394.5,-422,-422,-422
914,-364,-364,-364,-255.5,-255.5,-255.5
915,-503,-503,-503,-438,-438,-438
916,-371,-371,-371,-328.5,-328.5,-328.5
917,-329,-329,-329,-477,-477,-477
918,-445,-445,-445,-334,-334,-334
919,-243,-243,-243,-423,-423,-423
920,-344,-344,-344,-478.5,-478.5,-478.5
921,-274,-274,-274,-440.5,-440.5,-440.5
922,-564,-564,-564,-470.5,-470.5,-470.5
923,-503.5,-503.5,-503.5,-473.5,-473.5,-473.5
924,-312,-312,-312,-494,-494,-494
925,-317,-317,-317,-393.5,-393.5,-393.5
926,-397.5,-397.5,-397.5,-446.5,-446.5,-446.5
927,-413,-413,-413,-344.5,-344.5,-344.5
928,-493.5,-493.5,-493.5,-357.5,-357.5,-357.5
929,-382,-382,-382,-248,-248,-248
930,-426.5,-426.5,-426.5,-473.5,-473.5,-473.5
931,-433,-433,-433,-436.5,-436.5,-436.5
932,-477.5,-477.5,-477.5,-459,-459,-459
933,-337,-337,-337,-347.5,-347.5,-347.5
934,-480.5,-480.5,-480.5,-336,-336,-336
935,-396,-396,-396,-471.5,-471.5,-471.5
936,-343,-343,-343,-493,-493,-493
937,-557,-557,-557,-441.5,-441.5,-441.5
938,-472.5,-472.5,-472.5,-453,-453,-453
939,-401,-401,-401,-265.5,-265.5,-265.5
940,-331.5,-331.5,-331.5,-444.5,-444.5,-444.5
941,-246,-246,-246,-399,-399,-399
942,-383.5,-383.5,-383.5,-564.5,-564.5,-564.5
943,-435.5,-435.5,-435.5,-384.5,-384.5,-384.5
944,-348.5,-348.5,-348.5,-298,-298,-298
945,-418.5,-418.5,-418.5,-370.5,-370.5,-370.5
946,-414.5,-414.5,-414.5,-466,-466,-466
947,-388,-388,-388,-496.5,-496.5,-496.5
948,-569.5,-569.5,-569.5,-435,-435,-435
949,-354.5,-354.5,-354.5,-406.5,-406.5,-406.5
950,-332,-332,-332,-394.5,-394.5,-394.5
951,-481.5,-481.5,-481.5,-456,-456,-456
952,-390,-390,-390,-467.5,-467.5,-467.5
953,-351.5,-351.5,-351.5,-460,-460,-460
954,-409.5,-409.5,-409.5,-567,-567,-567
955,-305,-305,-305,-256.5,-256.5,-256.5
956,-406,-406,-406,-410,-410,-410
957,-299.5,-299.5,-299.5,-436.5,-436.5,-436.5
958,-391.5,-391.5,-391.5,-438.5,-438.5,-438.5
959,-364.5,-364.5,-364.5,-367.5,-367.5,-367.5
960,-280,-280,-280,-455,-455,-455
961,-562,-562,-562,-285.5,-285.5,-285.5
962,-434.5,-434.5,-434.5,-167.5,-167.5,-167.5
963,-517,-517,-517,-372,-372,-372
964,-388,-388,-388,-377.5,-377.5,-377.5
965,-505,-505,-505,-414,-414,-414
966,-367,-367,-367,-315.5,-315.5,-315.5
967,-445,-445,-445,-298,-298,-298
968,-439,-439,-439,-316.5,-316.5,-316.5
969,-447.5,-447.5,-447.5,-368.5,-368.5,-368.5
970,-315,-315,-315,-326.5,-326.5,-326.5
971,-547.5,-547.5,-547.5,-454,-454,-454
972,-270.5,-270.5,-270.5,-331,-331,-331
973,-440,-440,-440,-401,-401,-401
974,-405,-405,-405,-476,-476,-476
975,-508.5,-508.5,-508.5,-545,-545,-545
976,-407,-407,-407,-329.5,-329.5,-329.5
977,-320,-320,-320,-447.5,-447.5,-447.5
978,-350,-350,-350,-400,-400,-400
979,-352,-352,-352,-284,-284,-284
980,-423,-423,-423,-450,-450,-450
981,-492,-492,-492,-406,-406,-406
982,-396,-396,-396,-410.5,-410.5,-410.5
983,-361.5,-361.5,-361.5,-500,-500,-500
984,-470.5,-470.5,-470.5,-535,-535,-535
985,-272,-272,-272,-628.5,-628.5,-628.5
986,-331,-331,-331,-333,-333,-333
987,-349.5,-349.5,-349.5,-299,-299,-299
988,-445.5,-445.5,-445.5,-419.5,-419.5,-419.5
989,-518.5,-518.5,-518.5,-337,-337,-337
990,-301,-301,-301,-523.5,-523.5,-523.5
991,-510.5,-510.5,-510.5,-473,-473,-473
992,-341,-341,-341,-485.5,-485.5,-485.5
993,-329.5,-329.5,-329.5,-399,-399,-399
994,-383.5,-383.5,-383.5,-356,-356,-356
995,-397.5,-397.5,-397.5,-392,-392,-392
996,-306.5,-306.5,-306.5,-297,-297,-297
997,-416,-416,-416,-381,-381,-381
998,-542,-542,-542,-363,-363,-363
999,-360,-360,-360,-237,-237,-237
1000,-555.5,-555.5,-555.5,-399.5,-399.5,-399.5
